State_Name,State_Code,County_Code,FIPS_Code,Population_Under_18
Alabama,01,001,01001,13143
Alabama,01,003,01003,46993
Alabama,01,005,01005,5222
Alabama,01,007,01007,4584
Alabama,01,009,01009,13372
Alabama,01,011,01011,2279
Alabama,01,013,01013,4401
Alabama,01,015,01015,24769
Kentucky,21,135,21135,2985
Kentucky,21,137,21137,5790
Kentucky,21,139,21139,1991
Kentucky,21,141,21141,6375
Kentucky,21,143,21143,1126
Kentucky,21,145,21145,14512
Kentucky,21,147,21147,3775
Kentucky,21,151,21151,19064
Kentucky,21,155,21155,4647
Kentucky,21,157,21157,6351
Kentucky,21,161,21161,3870
Kentucky,21,163,21163,6370
Kentucky,21,167,21167,4779
Kentucky,21,169,21169,2370
Kentucky,21,173,21173,6593
Kentucky,21,175,21175,2443
Kentucky,21,179,21179,10870
Kentucky,21,181,21181,1647
Kentucky,21,185,21185,16923
Kentucky,21,187,21187,2414
Kentucky,21,191,21191,3394
Kentucky,21,195,21195,12089
Kentucky,21,197,21197,3043
Kentucky,21,201,21201,526
Kentucky,21,203,21203,3696
Kentucky,21,207,21207,4051
Kentucky,21,209,21209,14059
Kentucky,21,213,21213,4451
Kentucky,21,215,21215,4338
Kentucky,21,219,21219,3285
Kentucky,21,223,21223,1850
Kentucky,21,225,21225,2671
Kentucky,21,229,21229,2812
Kentucky,21,231,21231,4276
Kentucky,21,235,21235,9066
Kentucky,21,237,21237,1666
Maine,23,001,23001,23388
Maine,23,003,23003,12380
Maine,23,007,23007,5323
Maine,23,009,23009,9240
Maine,23,013,23013,7036
Maine,23,015,23015,5800
Maine,23,019,23019,27515
Maine,23,021,23021,2880
Maine,23,025,23025,9615
Maine,23,029,23029,5994
Maine,23,031,23031,38650
Minnesota,27,003,27003,84515
Minnesota,27,005,27005,8312
Minnesota,27,007,27007,11778
Minnesota,27,009,27009,10302
Minnesota,27,011,27011,1066
Minnesota,27,013,27013,13302
Minnesota,27,015,27015,5468
Minnesota,27,017,27017,8014
Minnesota,27,019,27019,27612
Minnesota,27,021,27021,6195
Minnesota,27,023,27023,2759
Minnesota,27,025,27025,12724
Tennessee,47,121,47121,2482
Tennessee,47,125,47125,54939
Tennessee,47,127,47127,1236
Tennessee,47,131,47131,6611
Tennessee,47,133,47133,4763
Tennessee,47,137,47137,949
Tennessee,47,139,47139,3184
Tennessee,47,143,47143,7498
Tennessee,47,145,47145,9975
Tennessee,47,149,47149,79877
Tennessee,47,151,47151,5228
Tennessee,47,153,47153,2885
Tennessee,47,157,47157,234172
Tennessee,47,159,47159,4502
Tennessee,47,163,47163,30462
Tennessee,47,165,47165,44194
Tennessee,47,169,47169,1993
Tennessee,47,171,47171,2935
Tennessee,47,175,47175,1113
Tennessee,47,177,47177,9660
Tennessee,47,181,47181,2893
Tennessee,47,183,47183,6428
Tennessee,47,187,47187,63015
Tennessee,47,189,47189,33211
Utah,49,003,49003,17324
Utah,49,005,49005,38226
Utah,49,009,49009,150
Utah,49,011,49011,112479
Utah,49,015,49015,2956
Utah,49,017,49017,1182
Utah,49,019,49019,1995
Utah,49,021,49021,15191
Utah,49,023,49023,3983
Utah,49,025,49025,1688
Utah,49,027,49027,4040
Utah,49,029,49029,4238
Utah,49,031,49031,392
Utah,49,033,49033,773
Utah,49,035,49035,310571
Utah,49,037,49037,4627
Utah,49,039,49039,7723
Utah,49,041,49041,6284
Utah,49,043,49043,10154
Utah,49,045,49045,22728
Utah,49,047,49047,11775
Utah,49,049,49049,207116
Utah,49,051,49051,10373
Utah,49,053,49053,44823
Utah,49,055,49055,704
Utah,49,057,49057,71853
Vermont,50,003,50003,6723
Vermont,50,005,50005,5791
Vermont,50,009,50009,1067
Vermont,50,011,50011,10948
Vermont,50,015,50015,5175
Vermont,50,017,50017,5313
Vermont,50,021,50021,10351
Vermont,50,023,50023,10926
Vermont,50,027,50027,9994
Virginia,51,001,51001,6764
Minnesota,27,165,27165,2635
Missouri,29,037,29037,25224
Missouri,29,043,29043,22163
Missouri,29,049,29049,4823
Missouri,29,055,29055,5471
Missouri,29,061,29061,2131
Missouri,29,067,29067,2925
Missouri,29,073,29073,3034
Missouri,29,079,29079,2418
Missouri,29,085,29085,1575
Missouri,29,091,29091,9617
Missouri,29,097,29097,30031
Missouri,29,101,29101,11590
Missouri,29,107,29107,7441
Missouri,29,113,29113,14652
Missouri,29,119,29119,5901
Missouri,29,125,29125,1802
Missouri,29,131,29131,5981
Missouri,29,137,29137,1869
Missouri,29,143,29143,4013
Missouri,29,149,29149,2383
Missouri,29,155,29155,4211
Missouri,29,203,29203,1771
Missouri,29,209,29209,5267
Missouri,29,215,29215,5507
Missouri,29,221,29221,5776
Missouri,29,227,29227,420
Missouri,29,510,29510,58226
Florida,12,005,12005,38057
Florida,12,011,12011,410987
Florida,12,017,12017,21799
Florida,12,023,12023,15349
Florida,12,031,12031,214225
Florida,12,037,12037,1881
Florida,12,043,12043,2064
Florida,12,049,12049,7077
Florida,12,055,12055,17680
Florida,12,061,12061,25154
Florida,12,067,12067,1697
Florida,12,073,12073,54420
Florida,12,077,12077,1524
Florida,12,083,12083,67205
Florida,12,087,12087,11521
Florida,12,093,12093,8861
Nebraska,31,005,31005,114
Nebraska,31,011,31011,1226
Nebraska,31,017,31017,600
Nebraska,31,023,31023,1857
Minnesota,27,159,27159,3493
Nebraska,31,029,31029,844
Nebraska,31,035,31035,1501
Nebraska,31,039,31039,2168
Nebraska,31,045,31045,1584
Nebraska,31,051,31051,1438
Nebraska,31,057,31057,465
Nebraska,31,063,31063,523
Nebraska,31,069,31069,414
Nebraska,31,075,31075,166
Nebraska,31,081,31081,2181
Alabama,01,019,01019,5003
Alabama,01,021,01021,10560
Alabama,01,023,01023,2548
Alabama,01,025,01025,5162
Alabama,01,027,01027,2735
Alabama,01,029,01029,3370
Alabama,01,031,01031,12352
Alabama,01,033,01033,11500
Alabama,01,035,01035,2547
Alabama,01,037,01037,1763
Alabama,01,041,01041,3084
Alabama,01,043,01043,18707
Alabama,01,047,01047,9214
Alabama,01,049,01049,17366
Alabama,01,053,01053,8239
Alabama,01,055,01055,22106
Alabama,01,059,01059,7885
Alabama,01,063,01063,1766
Alabama,01,065,01065,3423
Alabama,01,069,01069,24310
Alabama,01,071,01071,10865
Alabama,01,075,01075,3041
Alabama,01,077,01077,18320
Alabama,01,081,01081,34530
Alabama,01,085,01085,2217
Alabama,01,087,01087,3189
Alabama,01,091,01091,4447
Alabama,01,093,01093,6214
Alabama,01,097,01097,97183
Alabama,01,099,01099,4561
Alabama,01,103,01103,27385
Alabama,01,107,01107,3947
Alabama,01,109,01109,6285
Alabama,01,113,01113,13981
Alabama,01,115,01115,20129
Alabama,01,119,01119,2425
Alabama,01,123,01123,8382
Alabama,01,125,01125,43767
Alabama,01,129,01129,3479
Alabama,01,131,01131,2512
California,06,001,06001,341591
California,06,003,06003,252
California,06,007,06007,44865
California,06,011,06011,5863
California,06,013,06013,260191
California,06,017,06017,37911
California,06,019,06019,281391
Alabama,01,017,01017,6946
California,06,023,06023,25945
California,06,025,06025,51772
California,06,029,06029,258159
California,06,031,06031,40923
California,06,035,06035,4937
California,06,039,06039,42781
California,06,041,06041,51974
California,06,043,06043,2844
California,06,045,06045,18592
California,06,047,06047,80729
California,06,049,06049,1743
Minnesota,27,027,27027,15727
Minnesota,27,029,27029,2200
Minnesota,27,031,27031,836
Minnesota,27,033,27033,2756
Minnesota,27,035,27035,13953
Minnesota,27,037,27037,103782
Minnesota,27,039,27039,5445
Minnesota,27,041,27041,8107
Minnesota,27,043,27043,3029
Minnesota,27,045,27045,5154
Minnesota,27,049,27049,10245
Minnesota,27,051,27051,1370
Minnesota,27,055,27055,4093
Minnesota,27,057,27057,4454
Minnesota,27,061,27061,9398
Minnesota,27,065,27065,3462
Minnesota,27,067,27067,10453
Minnesota,27,071,27071,2225
Minnesota,27,073,27073,1313
Minnesota,27,077,27077,746
Minnesota,27,079,27079,6757
Minnesota,27,083,27083,6601
Minnesota,27,085,27085,8227
Minnesota,27,089,27089,2150
Minnesota,27,091,27091,4289
Minnesota,27,095,27095,6208
Minnesota,27,097,27097,7851
Minnesota,27,101,27101,1770
Minnesota,27,103,27103,7529
Minnesota,27,107,27107,1532
Minnesota,27,109,27109,38372
Minnesota,27,113,27113,3278
Minnesota,27,115,27115,5737
Minnesota,27,119,27119,7631
Minnesota,27,121,27121,2275
Minnesota,27,125,27125,981
Minnesota,27,127,27127,3771
Minnesota,27,131,27131,14487
Minnesota,27,133,27133,2290
Minnesota,27,137,27137,37883
Minnesota,27,139,27139,40383
Minnesota,27,143,27143,3487
Minnesota,27,145,27145,37056
Minnesota,27,149,27149,2072
Minnesota,27,151,27151,2119
Minnesota,27,155,27155,654
Minnesota,27,157,27157,4643
Minnesota,27,161,27161,4362
Minnesota,27,163,27163,63411
Minnesota,27,167,27167,1365
Minnesota,27,169,27169,9100
Minnesota,27,171,27171,38061
Minnesota,27,173,27173,2263
Missouri,29,001,29001,4768
Missouri,29,003,29003,4034
Missouri,29,005,29005,1027
Missouri,29,007,29007,5794
Missouri,29,009,29009,8070
Missouri,29,011,29011,2756
Virginia,51,005,51005,2855
Virginia,51,007,51007,2757
Virginia,51,011,51011,3370
Virginia,51,013,51013,42470
Virginia,51,017,51017,630
Virginia,51,019,51019,15760
Virginia,51,023,51023,6460
Virginia,51,025,51025,2602
Virginia,51,029,51029,3167
Virginia,51,031,51031,11078
Virginia,51,035,51035,5449
Virginia,51,036,51036,1053
Virginia,51,037,51037,2641
Virginia,51,043,51043,2833
Virginia,51,045,51045,901
Virginia,51,049,51049,1949
Virginia,51,051,51051,2794
Virginia,51,057,51057,2036
Virginia,51,059,51059,270227
Virginia,51,063,51063,3010
Virginia,51,065,51065,5388
Virginia,51,069,51069,20183
Virginia,51,071,51071,3432
Virginia,51,075,51075,4163
Virginia,51,077,51077,2612
Virginia,51,081,51081,1759
Virginia,51,083,51083,6996
Virginia,51,087,51087,75113
Virginia,51,089,51089,9953
Virginia,51,093,51093,7803
Virginia,51,095,51095,15028
Virginia,51,097,51097,1329
Virginia,51,099,51099,6673
Virginia,51,101,51101,3822
Virginia,51,103,51103,1678
Virginia,51,105,51105,4332
Virginia,51,107,51107,114090
Virginia,51,109,51109,7418
Virginia,51,111,51111,2431
Virginia,51,113,51113,2742
Virginia,51,115,51115,1319
Virginia,51,117,51117,5724
Virginia,51,119,51119,1710
Virginia,51,121,51121,15221
Virginia,51,125,51125,2609
Virginia,51,127,51127,4403
Virginia,51,131,51131,2322
Virginia,51,133,51133,1778
Virginia,51,135,51135,2946
Virginia,51,137,51137,7660
Virginia,51,139,51139,4771
Virginia,51,141,51141,3098
Virginia,51,145,51145,5323
Virginia,51,147,51147,3532
Virginia,51,149,51149,8424
Virginia,51,155,51155,6059
Virginia,51,157,51157,1381
Virginia,51,161,51161,18952
Nebraska,31,087,31087,678
Nebraska,31,093,31093,1564
Nebraska,31,099,31099,1669
Nebraska,31,105,31105,679
Nebraska,31,111,31111,8355
Nebraska,31,117,31117,49
Nebraska,31,123,31123,1103
Nebraska,31,127,31127,1484
Nebraska,31,175,31175,895
Nebraska,31,179,31179,1841
Nebraska,31,185,31185,3168
Nevada,32,005,32005,7984
Nevada,32,011,32011,511
Nevada,32,017,32017,983
Nevada,32,023,32023,7722
Nevada,32,031,32031,100439
New Hampshire,33,001,33001,11277
New Hampshire,33,007,33007,5119
New Hampshire,33,013,33013,28876
New Hampshire,33,019,33019,8056
Louisiana,22,005,22005,33551
Louisiana,22,011,22011,9240
Louisiana,22,017,22017,57800
Louisiana,22,023,22023,1510
Louisiana,22,029,22029,4651
Louisiana,22,035,22035,1714
Louisiana,22,041,22041,5097
Louisiana,22,047,22047,6711
Louisiana,22,053,22053,7999
Louisiana,22,101,22101,12015
Louisiana,22,107,22107,1036
Louisiana,22,111,22111,4891
Louisiana,22,117,22117,11030
Louisiana,22,123,22123,2471
New York,36,003,36003,9216
New York,36,009,36009,17059
New York,36,015,36015,17990
New York,36,021,36021,10370
New York,36,027,36027,55351
New York,36,031,36031,5995
New York,36,037,36037,11671
New York,36,043,36043,12710
New York,36,049,36049,6059
New York,36,055,36055,154685
New York,36,061,36061,233239
New York,36,067,36067,98353
New York,36,073,36073,7851
New York,36,079,36079,19591
New York,36,085,36085,103981
North Carolina,37,007,37007,4876
North Carolina,37,013,37013,9469
North Carolina,37,019,37019,20949
North Carolina,37,025,37025,54189
North Carolina,37,031,37031,12106
North Carolina,37,037,37037,14673
North Carolina,37,045,37045,21483
North Carolina,37,051,37051,82782
North Carolina,37,057,37057,36729
California,06,053,06053,113350
California,06,055,06055,28555
California,06,057,06057,17000
California,06,059,06059,697715
California,06,061,06061,87116
California,06,063,06063,3172
California,06,065,06065,613823
California,06,067,06067,363852
California,06,069,06069,15844
California,06,071,06071,570845
California,06,073,06073,718250
California,06,075,06075,117363
California,06,077,06077,203670
California,06,079,06079,49949
California,06,081,06081,156769
California,06,085,06085,421988
California,06,087,06087,52286
California,06,091,06091,444
California,06,095,06095,98625
California,06,097,06097,97601
California,06,101,06101,24979
California,06,103,06103,15329
California,06,107,06107,142777
California,06,109,06109,8986
California,06,113,06113,45977
California,06,115,06115,21355
Arkansas,05,003,05003,4568
Arkansas,05,005,05005,7266
Arkansas,05,009,05009,8523
Arkansas,05,013,05013,966
Arkansas,05,015,05015,6144
Arkansas,05,019,05019,4240
Arkansas,05,021,05021,3156
Arkansas,05,025,05025,1825
Arkansas,05,027,05027,4893
Arkansas,05,031,05031,26962
Arkansas,05,035,05035,13177
Arkansas,05,037,05037,3950
Arkansas,05,041,05041,2962
Arkansas,05,043,05043,3972
Arkansas,05,047,05047,4072
Arkansas,05,049,05049,2553
Arkansas,05,053,05053,4094
Arkansas,05,057,05057,5511
Arkansas,05,059,05059,7177
Arkansas,05,063,05063,9008
Arkansas,05,065,05065,2370
California,06,051,06051,2983
Arkansas,05,069,05069,14968
Arkansas,05,071,05071,6438
Arkansas,05,075,05075,3626
Arkansas,05,079,05079,2228
Arkansas,05,081,05081,2745
Arkansas,05,085,05085,18762
Arkansas,05,087,05087,3789
Arkansas,05,091,05091,10325
Arkansas,05,095,05095,1443
Arkansas,05,097,05097,1662
Missouri,29,013,29013,3828
Missouri,29,015,29015,3344
Missouri,29,017,29017,2642
Missouri,29,019,29019,36546
Missouri,29,021,29021,19798
Missouri,29,023,29023,10071
Missouri,29,025,29025,2132
Missouri,29,027,29027,9540
Missouri,29,029,29029,8096
Missouri,29,031,29031,16782
Missouri,29,033,29033,1937
Missouri,29,035,29035,1481
Missouri,29,039,29039,3440
Missouri,29,041,29041,1693
Missouri,29,045,29045,1550
Missouri,29,047,29047,59453
Missouri,29,051,29051,17155
Missouri,29,053,29053,3839
Missouri,29,057,29057,1554
Missouri,29,059,29059,3992
Missouri,29,063,29063,2048
Missouri,29,065,29065,3466
Missouri,29,069,29069,7600
Missouri,29,071,29071,23769
Missouri,29,075,29075,1672
Missouri,29,077,29077,60637
Missouri,29,081,29081,2062
Missouri,29,083,29083,4822
Missouri,29,087,29087,889
Missouri,29,089,29089,2153
Missouri,29,093,29093,2111
Missouri,29,095,29095,165211
Missouri,29,099,29099,52094
Missouri,29,103,29103,941
Missouri,29,105,29105,8824
Missouri,29,109,29109,9716
Missouri,29,111,29111,2239
Missouri,29,115,29115,2829
Missouri,29,117,29117,3170
Missouri,29,121,29121,3551
Missouri,29,123,29123,2840
Missouri,29,127,29127,6740
Missouri,29,129,29129,877
Missouri,29,133,29133,2792
Missouri,29,135,29135,3967
Missouri,29,139,29139,2512
Missouri,29,141,29141,4670
Missouri,29,145,29145,13930
Missouri,29,147,29147,3525
Missouri,29,151,29151,3127
Missouri,29,153,29153,1744
Missouri,29,157,29157,4508
Missouri,29,159,29159,10518
Missouri,29,161,29161,9381
Missouri,29,163,29163,4095
Missouri,29,165,29165,24404
Missouri,29,167,29167,7373
Missouri,29,169,29169,11473
Missouri,29,171,29171,1089
Virginia,51,163,51163,4098
Virginia,51,167,51167,5181
Virginia,51,169,51169,3986
Virginia,51,173,51173,5891
Virginia,51,175,51175,3472
Virginia,51,179,51179,39083
Virginia,51,181,51181,1146
Virginia,51,185,51185,7992
Virginia,51,187,51187,8701
Virginia,51,193,51193,3368
Virginia,51,195,51195,7270
Virginia,51,199,51199,16176
Virginia,51,510,51510,29051
Virginia,51,530,51530,1338
Virginia,51,540,51540,7321
Virginia,51,570,51570,3935
Virginia,51,580,51580,1246
Virginia,51,590,51590,8899
Virginia,51,600,51600,5056
Virginia,51,610,51610,3501
Virginia,51,630,51630,6047
Virginia,51,640,51640,1639
Virginia,51,660,51660,8758
Virginia,51,670,51670,5777
Virginia,51,680,51680,15365
Virginia,51,683,51683,10940
Virginia,51,690,51690,3063
Virginia,51,700,51700,41668
Virginia,51,720,51720,634
Virginia,51,730,51730,6466
Virginia,51,740,51740,22160
Virginia,51,750,51750,1991
Virginia,51,770,51770,21988
Virginia,51,775,51775,4714
Virginia,51,790,51790,4683
Virginia,51,800,51800,22025
Virginia,51,810,51810,99896
Virginia,51,820,51820,5107
Virginia,51,830,51830,1661
Virginia,51,840,51840,6358
Washington,53,001,53001,6943
Washington,53,003,53003,4619
Washington,53,005,53005,53388
Washington,53,007,53007,18004
Washington,53,009,53009,12970
Washington,53,011,53011,115360
Washington,53,013,53013,691
Washington,53,015,53015,24675
Washington,53,017,53017,10964
Washington,53,019,53019,1240
Washington,53,021,53021,30430
Washington,53,023,53023,452
Washington,53,025,53025,28520
Washington,53,027,53027,14957
Washington,53,029,53029,15275
Washington,53,033,53033,449242
Washington,53,035,53035,54803
Washington,53,037,53037,7970
Washington,53,041,53041,17124
North Carolina,37,063,37063,66028
North Carolina,37,069,37069,14957
North Carolina,37,075,37075,1703
North Carolina,37,081,37081,118602
North Carolina,37,087,37087,11204
North Carolina,37,095,37095,1082
North Carolina,37,101,37101,51779
North Carolina,37,107,37107,12760
North Carolina,37,113,37113,6301
North Carolina,37,119,37119,257739
North Carolina,37,167,37167,13464
North Carolina,37,173,37173,3265
North Carolina,37,179,37179,63318
North Carolina,37,185,37185,3570
North Carolina,37,191,37191,29377
North Carolina,37,197,37197,7873
New Jersey,34,003,34003,197484
New Jersey,34,009,34009,16255
New Jersey,34,015,34015,63832
New Jersey,34,021,34021,78499
New Jersey,34,027,34027,104116
New Jersey,34,033,34033,13494
New Jersey,34,039,34039,130376
Indiana,18,003,18003,96482
Indiana,18,009,18009,2618
Indiana,18,015,18015,4475
Indiana,18,021,18021,6097
Indiana,18,027,18027,9758
Indiana,18,033,18033,10473
Indiana,18,039,18039,56611
Indiana,18,085,18085,18951
Indiana,18,091,18091,23666
Indiana,18,097,18097,236265
Indiana,18,103,18103,7563
Indiana,18,109,18109,15847
Indiana,18,115,18115,1129
Indiana,18,121,18121,3756
Indiana,18,127,18127,37370
Indiana,18,133,18133,7212
Indiana,18,139,18139,3695
Indiana,18,143,18143,5249
Indiana,18,149,18149,5435
Indiana,18,155,18155,2656
Indiana,18,161,18161,1494
Indiana,18,167,18167,21890
Indiana,18,173,18173,14940
Indiana,18,179,18179,6955
Massachusetts,25,001,25001,32099
Massachusetts,25,007,25007,2926
Massachusetts,25,013,25013,100446
Massachusetts,25,019,25019,1781
Ohio,39,037,39037,12185
Ohio,39,043,39043,15131
Ohio,39,049,39049,303936
Ohio,39,055,39055,21440
Ohio,39,061,39061,187494
Ohio,39,067,39067,3151
Ohio,39,071,39071,10281
Ohio,39,077,39077,14019
Arkansas,05,099,05099,1867
Arkansas,05,101,05101,1531
Arkansas,05,103,05103,5299
Arkansas,05,105,05105,2282
Arkansas,05,107,05107,4656
Arkansas,05,109,05109,2304
Arkansas,05,111,05111,5668
Arkansas,05,113,05113,4590
Arkansas,05,115,05115,14531
Arkansas,05,117,05117,1674
Arkansas,05,119,05119,91326
Arkansas,05,121,05121,4230
Arkansas,05,123,05123,5478
Arkansas,05,125,05125,28163
Arkansas,05,127,05127,2430
Arkansas,05,129,05129,1555
Arkansas,05,131,05131,30604
Arkansas,05,133,05133,4835
Arkansas,05,135,05135,3560
Arkansas,05,137,05137,2482
Arkansas,05,139,05139,9410
Arkansas,05,143,05143,57464
Arkansas,05,145,05145,18389
Arkansas,05,149,05149,5145
Connecticut,09,003,09003,187444
Connecticut,09,005,09005,32925
Connecticut,09,009,09009,173017
Connecticut,09,011,09011,52007
Connecticut,09,015,09015,23130
District of Columbia,11,001,11001,126048
Alaska,02,016,02016,1017
Alaska,02,020,02020,70908
Alaska,02,060,02060,143
Alaska,02,063,02063,1387
Alaska,02,068,02068,260
Alaska,02,070,02070,1542
Alaska,02,100,02100,859
Alaska,02,105,02105,277
Alaska,02,122,02122,13224
Alaska,02,130,02130,3000
Alaska,02,158,02158,3362
Alaska,02,170,02170,28706
Alaska,02,180,02180,3462
Alaska,02,188,02188,2745
Alaska,02,195,02195,559
Alaska,02,220,02220,1825
Alaska,02,230,02230,180
Alaska,02,275,02275,525
Alaska,02,282,02282,136
Alaska,02,290,02290,1478
Colorado,08,003,08003,3913
Colorado,08,007,08007,2378
Colorado,08,009,08009,746
Colorado,08,013,08013,61788
Colorado,08,014,08014,15762
Colorado,08,017,08017,607
Colorado,08,021,08021,2103
Colorado,08,023,08023,643
Missouri,29,173,29173,2203
Missouri,29,175,29175,5372
Missouri,29,177,29177,5203
Missouri,29,179,29179,1170
Missouri,29,181,29181,3054
Missouri,29,183,29183,92888
Missouri,29,185,29185,1875
Missouri,29,186,29186,3826
Missouri,29,187,29187,14030
Missouri,29,189,29189,219678
Missouri,29,195,29195,5250
Missouri,29,197,29197,1166
Missouri,29,199,29199,1434
Missouri,29,201,29201,9222
Missouri,29,205,29205,1432
Missouri,29,207,29207,6383
Missouri,29,211,29211,1386
Missouri,29,213,29213,11717
Missouri,29,217,29217,4991
Missouri,29,219,29219,8289
Missouri,29,223,29223,2640
Missouri,29,225,29225,10610
Missouri,29,229,29229,4691
Florida,12,001,12001,48184
Florida,12,003,12003,6683
Florida,12,007,12007,5407
Florida,12,009,12009,108664
Florida,12,013,12013,2878
Florida,12,015,12015,22363
Florida,12,019,12019,50261
Florida,12,021,12021,65016
Florida,12,027,12027,7213
Florida,12,029,12029,3034
Florida,12,033,12033,66245
Florida,12,035,12035,19074
Florida,12,039,12039,9947
Florida,12,041,12041,3910
Florida,12,045,12045,2184
Florida,12,047,12047,2749
Florida,12,051,12051,11117
Florida,12,053,12053,35063
Florida,12,057,12057,323648
Florida,12,059,12059,3914
Florida,12,063,12063,8771
Florida,12,065,12065,2317
Florida,12,069,12069,68284
Florida,12,071,12071,133226
Florida,12,075,12075,8003
Florida,12,079,12079,3398
Florida,12,081,12081,71955
Florida,12,085,12085,26132
Florida,12,086,12086,552057
Florida,12,089,12089,17000
Florida,12,091,12091,46014
Florida,12,095,12095,304105
Florida,12,097,12097,88829
Florida,12,099,12099,282694
Florida,12,101,12101,109509
Florida,12,103,12103,156932
Washington,53,043,53043,2286
Washington,53,047,53047,9677
Washington,53,049,53049,3483
Washington,53,053,53053,208576
Washington,53,055,53055,2204
Washington,53,059,53059,2223
Washington,53,061,53061,183517
Washington,53,065,53065,9660
Washington,53,067,53067,60983
Washington,53,071,53071,12831
Washington,53,073,53073,43496
Washington,53,077,53077,74417
West Virginia,54,001,54001,3247
West Virginia,54,005,54005,4674
West Virginia,54,007,54007,2780
West Virginia,54,011,54011,18467
West Virginia,54,013,54013,1335
West Virginia,54,015,54015,1924
West Virginia,54,019,54019,8881
West Virginia,54,021,54021,1194
West Virginia,54,025,54025,6769
West Virginia,54,027,54027,4397
West Virginia,54,031,54031,2834
West Virginia,54,033,54033,14477
West Virginia,54,037,54037,12639
West Virginia,54,039,54039,36205
West Virginia,54,043,54043,4633
West Virginia,54,045,54045,6726
West Virginia,54,049,54049,11235
West Virginia,54,051,54051,6009
West Virginia,54,055,54055,12164
West Virginia,54,057,54057,5391
West Virginia,54,061,54061,17285
West Virginia,54,063,54063,2676
West Virginia,54,067,54067,5086
West Virginia,54,069,54069,8056
West Virginia,54,071,54071,1189
West Virginia,54,073,54073,1470
West Virginia,54,075,54075,1450
West Virginia,54,077,54077,6328
West Virginia,54,079,54079,12658
West Virginia,54,081,54081,15396
West Virginia,54,083,54083,5601
West Virginia,54,085,54085,1970
West Virginia,54,087,54087,2974
West Virginia,54,089,54089,2089
West Virginia,54,091,54091,3359
West Virginia,54,093,54093,1083
West Virginia,54,095,54095,1710
West Virginia,54,097,54097,4919
West Virginia,54,099,54099,8202
West Virginia,54,101,54101,1658
West Virginia,54,103,54103,3103
West Virginia,54,105,54105,1205
West Virginia,54,107,54107,17741
West Virginia,54,109,54109,4310
Wisconsin,55,003,55003,3417
Colorado,08,027,08027,733
Colorado,08,029,08029,6010
Colorado,08,033,08033,283
Colorado,08,035,08035,89083
Colorado,08,037,08037,11884
Colorado,08,039,08039,5580
Colorado,08,041,08041,170755
Colorado,08,043,08043,7546
Colorado,08,045,08045,15067
Colorado,08,047,08047,989
Colorado,08,049,08049,2687
Colorado,08,051,08051,2930
Colorado,08,053,08053,114
Colorado,08,055,08055,1055
Colorado,08,057,08057,179
Colorado,08,059,08059,114014
Colorado,08,061,08061,412
Colorado,08,063,08063,1821
Colorado,08,065,08065,1267
Colorado,08,067,08067,10499
Colorado,08,069,08069,68416
Colorado,08,071,08071,2619
Colorado,08,073,08073,1130
Colorado,08,075,08075,4005
Colorado,08,077,08077,32973
Colorado,08,081,08081,3394
Colorado,08,083,08083,5690
Colorado,08,087,08087,7402
Colorado,08,091,08091,719
Colorado,08,093,08093,2832
Colorado,08,097,08097,2952
Colorado,08,099,08099,3063
Colorado,08,103,08103,1516
Colorado,08,105,08105,2576
Colorado,08,109,08109,1457
Colorado,08,113,08113,1391
Colorado,08,115,08115,609
Colorado,08,119,08119,4294
Colorado,08,121,08121,1070
Colorado,08,125,08125,2659
Delaware,10,003,10003,120246
Delaware,10,005,10005,42836
Montana,30,003,30003,4481
Montana,30,005,30005,2002
Montana,30,009,30009,1903
Montana,30,011,30011,251
Montana,30,015,30015,1310
Montana,30,019,30019,358
Montana,30,021,30021,1845
Montana,30,025,30025,780
Montana,30,027,30027,2342
Montana,30,031,30031,22091
Montana,30,033,30033,237
Montana,30,037,30037,142
Montana,30,041,30041,4560
Montana,30,043,30043,2534
Montana,30,047,30047,7132
Montana,30,049,30049,14752
Montana,30,053,30053,3660
Florida,12,107,12107,15760
Florida,12,109,12109,55568
Florida,12,111,12111,63668
Florida,12,113,12113,39530
Florida,12,115,12115,60894
Florida,12,117,12117,98092
Florida,12,119,12119,9422
Florida,12,121,12121,9501
Florida,12,123,12123,4196
Florida,12,125,12125,2830
Florida,12,127,12127,96360
Florida,12,129,12129,6872
Florida,12,131,12131,14492
Florida,12,133,12133,4863
Nebraska,31,001,31001,7537
Nebraska,31,003,31003,1498
Nebraska,31,007,31007,160
Nebraska,31,009,31009,88
Nebraska,31,013,31013,2701
Nebraska,31,015,31015,333
Nebraska,31,019,31019,11605
Nebraska,31,021,31021,1453
Nebraska,31,025,31025,6223
Nebraska,31,027,31027,2157
Nebraska,31,031,31031,1351
Nebraska,31,033,31033,2168
Nebraska,31,037,31037,3221
Nebraska,31,041,31041,2578
Nebraska,31,043,31043,5841
Nebraska,31,047,31047,6471
Nebraska,31,049,31049,339
Nebraska,31,053,31053,8851
Nebraska,31,055,31055,144917
Nebraska,31,059,31059,1108
Nebraska,31,061,31061,553
Nebraska,31,065,31065,1047
Nebraska,31,067,31067,4896
Nebraska,31,071,31071,451
Nebraska,31,073,31073,373
Nebraska,31,077,31077,537
Nebraska,31,079,31079,16854
Nebraska,31,083,31083,757
Nebraska,31,085,31085,189
Nebraska,31,089,31089,2492
Nebraska,31,091,31091,147
Nebraska,31,095,31095,1500
Nebraska,31,097,31097,962
Nebraska,31,101,31101,1625
Nebraska,31,103,31103,207
Florida,12,105,12105,156115
Nebraska,31,107,31107,2028
Nebraska,31,109,31109,72001
Nebraska,31,113,31113,256
Nebraska,31,115,31115,130
Nebraska,31,119,31119,8862
Nebraska,31,121,31121,1734
Nebraska,31,125,31125,779
Nebraska,31,129,31129,855
Nebraska,31,131,31131,3860
Wisconsin,55,005,55005,9792
Wisconsin,55,009,55009,62379
Wisconsin,55,011,55011,2668
Wisconsin,55,015,55015,11886
Wisconsin,55,017,55017,14190
Wisconsin,55,021,55021,12227
Wisconsin,55,023,55023,3207
Wisconsin,55,027,55027,17378
Wisconsin,55,029,55029,4510
Wisconsin,55,033,55033,8814
Wisconsin,55,035,55035,21108
Wisconsin,55,039,55039,21949
Wisconsin,55,041,55041,1784
Wisconsin,55,045,55045,8146
Wisconsin,55,047,55047,4174
Wisconsin,55,051,55051,834
Wisconsin,55,053,55053,4488
Wisconsin,55,057,55057,5343
Wisconsin,55,059,55059,38600
Wisconsin,55,063,55063,23367
Wisconsin,55,065,55065,4041
Wisconsin,55,069,55069,5087
Wisconsin,55,071,55071,16280
Wisconsin,55,075,55075,7622
Wisconsin,55,077,55077,2986
Wisconsin,55,079,55079,227662
Wisconsin,55,081,55081,11661
Wisconsin,55,083,55083,7616
Wisconsin,55,087,55087,43951
Wisconsin,55,089,55089,19034
Wisconsin,55,093,55093,8753
Wisconsin,55,095,55095,9092
Wisconsin,55,099,55099,2272
Wisconsin,55,101,55101,45358
Wisconsin,55,105,55105,37677
Wisconsin,55,107,55107,2875
Wisconsin,55,111,55111,14608
Wisconsin,55,113,55113,3093
Wisconsin,55,115,55115,8759
Wisconsin,55,117,55117,25491
Wisconsin,55,119,55119,4770
Wisconsin,55,121,55121,7387
Wisconsin,55,123,55123,8007
Wisconsin,55,125,55125,3627
Wisconsin,55,127,55127,21442
Wisconsin,55,129,55129,2954
Wisconsin,55,131,55131,29722
Wisconsin,55,133,55133,86534
Wisconsin,55,135,55135,10426
Wisconsin,55,137,55137,4440
Wisconsin,55,139,55139,35080
Wisconsin,55,141,55141,15758
Wyoming,56,001,56001,6175
Wyoming,56,003,56003,3009
Wyoming,56,005,56005,12854
Wyoming,56,007,56007,3483
Wyoming,56,009,56009,3442
Wyoming,56,011,56011,1836
Wyoming,56,013,56013,9988
Montana,30,055,30055,379
Montana,30,059,30059,330
Montana,30,061,30061,822
Montana,30,065,30065,901
Montana,30,069,30069,85
Montana,30,071,30071,945
Montana,30,075,30075,251
Montana,30,077,30077,924
Montana,30,079,30079,269
Montana,30,081,30081,8282
Montana,30,083,30083,2845
Montana,30,085,30085,3725
Montana,30,087,30087,2494
Montana,30,089,30089,2074
Montana,30,091,30091,716
Montana,30,093,30093,7107
Montana,30,095,30095,2047
Montana,30,097,30097,763
Montana,30,099,30099,1495
Montana,30,101,30101,919
Montana,30,103,30103,71
Montana,30,105,30105,1686
Montana,30,107,30107,443
Montana,30,109,30109,262
Montana,30,111,30111,37561
Georgia,13,001,13001,4565
Georgia,13,003,13003,2223
Georgia,13,005,13005,2847
Georgia,13,007,13007,525
Georgia,13,011,13011,4323
Georgia,13,013,13013,21133
Georgia,13,017,13017,4196
Georgia,13,021,13021,37227
Georgia,13,023,13023,2530
Georgia,13,027,13027,3428
Georgia,13,029,13029,11258
Georgia,13,033,13033,5868
Georgia,13,035,13035,4917
Georgia,13,039,13039,13083
Georgia,13,045,13045,28196
Georgia,13,047,13047,15278
Georgia,13,051,13051,61546
Georgia,13,053,13053,2193
Georgia,13,057,13057,62028
Georgia,13,059,13059,21912
Georgia,13,063,13063,80180
Georgia,13,067,13067,178327
Georgia,13,069,13069,10548
Georgia,13,073,13073,39103
Georgia,13,075,13075,4383
Georgia,13,079,13079,2517
Georgia,13,081,13081,5399
Georgia,13,085,13085,5044
Georgia,13,089,13089,174934
Georgia,13,091,13091,4002
Georgia,13,095,13095,21149
Georgia,13,097,13097,37593
Georgia,13,101,13101,946
Georgia,13,105,13105,4174
Nebraska,31,133,31133,570
Nebraska,31,135,31135,717
Nebraska,31,137,31137,2161
Nebraska,31,139,31139,1751
Nebraska,31,141,31141,8701
Nebraska,31,143,31143,1181
Nebraska,31,145,31145,2555
Nebraska,31,147,31147,1679
Nebraska,31,149,31149,310
Nebraska,31,151,31151,3493
Nebraska,31,153,31153,50327
Nebraska,31,155,31155,5175
Nebraska,31,157,31157,8914
Nebraska,31,159,31159,4008
Nebraska,31,161,31161,1167
Nebraska,31,163,31163,609
Nebraska,31,165,31165,311
Nebraska,31,167,31167,1493
Nebraska,31,169,31169,1131
Nebraska,31,171,31171,126
Nebraska,31,173,31173,2584
Nebraska,31,177,31177,5017
Nebraska,31,181,31181,771
Nebraska,31,183,31183,91
Nevada,32,001,32001,5586
Nevada,32,003,32003,516696
Nevada,32,007,32007,14111
Nevada,32,009,32009,138
Nevada,32,013,32013,4455
Nevada,32,015,32015,1502
Nevada,32,019,32019,11796
Nevada,32,021,32021,702
Nevada,32,027,32027,1101
Nevada,32,029,32029,679
Nevada,32,033,32033,1828
Nevada,32,510,32510,11280
New Hampshire,33,003,33003,7534
New Hampshire,33,005,33005,13598
New Hampshire,33,009,33009,14554
New Hampshire,33,011,33011,84974
New Hampshire,33,015,33015,59772
New Hampshire,33,017,33017,23971
Louisiana,22,001,22001,16120
Louisiana,22,003,22003,5672
Louisiana,22,007,22007,4814
Louisiana,22,009,22009,9524
Louisiana,22,013,22013,3033
Louisiana,22,015,22015,31484
Louisiana,22,019,22019,50698
Louisiana,22,021,22021,2297
Louisiana,22,025,22025,2068
Louisiana,22,027,22027,2803
Louisiana,22,031,22031,6572
Louisiana,22,033,22033,100775
Louisiana,22,037,22037,3399
Louisiana,22,039,22039,8200
Louisiana,22,043,22043,4584
Louisiana,22,045,22045,18350
Louisiana,22,049,22049,3302
Wyoming,56,015,56015,2710
Wyoming,56,019,56019,1687
Wyoming,56,021,56021,22824
Wyoming,56,023,56023,5290
Wyoming,56,027,56027,509
Wyoming,56,029,56029,5999
Wyoming,56,033,56033,6464
Wyoming,56,035,56035,2268
Wyoming,56,039,56039,4192
Wyoming,56,041,56041,5858
Wyoming,56,045,56045,1341
,72,001,72001,3497
,72,005,72005,9715
,72,007,72007,4772
,72,011,72011,4713
,72,013,72013,15231
,72,017,72017,4671
,72,019,72019,6105
,72,023,72023,8497
,72,025,72025,23603
,72,027,72027,5640
,72,031,72031,26937
,72,033,72033,4656
,72,037,72037,2007
,72,039,72039,3151
,72,043,72043,7490
,72,045,72045,3731
,72,049,72049,281
,72,051,72051,7646
,72,054,72054,2292
,72,055,72055,3080
,72,057,72057,7852
,72,061,72061,13759
,72,063,72063,9245
,72,067,72067,2573
,72,069,72069,9457
,72,073,72073,3035
,72,075,72075,9534
,72,079,72079,3898
,72,081,72081,4612
,72,083,72083,1628
,72,085,72085,7260
,72,087,72087,5057
,72,089,72089,3349
,72,091,72091,7350
,72,093,72093,1051
,72,095,72095,1947
,72,097,72097,12520
,72,099,72099,7037
,72,101,72101,6210
,72,103,72103,5567
,72,105,72105,5400
,72,107,72107,4220
,72,109,72109,2986
,72,111,72111,4381
,72,113,72113,26375
,72,115,72115,4422
Georgia,13,107,13107,5603
Georgia,13,111,13111,4240
Georgia,13,113,13113,26211
Georgia,13,117,13117,64891
Georgia,13,121,13121,229192
Georgia,13,123,13123,5929
Georgia,13,127,13127,18529
Georgia,13,129,13129,14052
Georgia,13,133,13133,3316
Georgia,13,135,13135,249807
Georgia,13,139,13139,50868
Georgia,13,143,13143,7059
Georgia,13,145,13145,7422
Georgia,13,147,13147,5349
Georgia,13,149,13149,2683
Georgia,13,151,13151,59078
Georgia,13,153,13153,39658
Georgia,13,155,13155,1995
Georgia,13,157,13157,17852
Georgia,13,159,13159,3322
Georgia,13,161,13161,3978
Georgia,13,163,13163,3651
Georgia,13,165,13165,1867
Georgia,13,167,13167,1842
Georgia,13,169,13169,6614
Georgia,13,171,13171,3936
Georgia,13,173,13173,2357
Georgia,13,175,13175,11683
Georgia,13,177,13177,7837
Georgia,13,179,13179,17401
Georgia,13,181,13181,1520
Georgia,13,183,13183,5370
Georgia,13,187,13187,5931
Georgia,13,191,13191,2316
Georgia,13,193,13193,2481
Georgia,13,197,13197,1915
Georgia,13,199,13199,4504
Georgia,13,205,13205,4866
Georgia,13,209,13209,1846
Georgia,13,211,13211,4248
Georgia,13,215,13215,48358
Georgia,13,217,13217,28675
Georgia,13,221,13221,3312
Georgia,13,223,13223,43159
Georgia,13,227,13227,6385
Georgia,13,231,13231,4328
Georgia,13,233,13233,10776
Georgia,13,237,13237,4396
Georgia,13,239,13239,296
Georgia,13,243,13243,1811
Georgia,13,247,13247,22222
Georgia,13,249,13249,1187
Georgia,13,253,13253,1712
Georgia,13,255,13255,15577
Georgia,13,259,13259,744
Georgia,13,261,13261,6724
Georgia,13,265,13265,228
Georgia,13,269,13269,1636
Georgia,13,271,13271,2606
Georgia,13,275,13275,10592
Louisiana,22,051,22051,96068
Louisiana,22,055,22055,57708
Louisiana,22,057,22057,22773
Louisiana,22,059,22059,3540
Louisiana,22,061,22061,9426
Louisiana,22,063,22063,36018
Louisiana,22,065,22065,2661
Louisiana,22,067,22067,6080
Louisiana,22,069,22069,8966
Louisiana,22,071,22071,78059
Louisiana,22,073,22073,38490
Louisiana,22,075,22075,6040
Louisiana,22,077,22077,4828
Louisiana,22,079,22079,32330
Louisiana,22,081,22081,1997
Louisiana,22,083,22083,4695
Louisiana,22,085,22085,5609
Louisiana,22,087,22087,12387
Louisiana,22,089,22089,12892
Louisiana,22,091,22091,2147
Louisiana,22,093,22093,4772
Louisiana,22,095,22095,10721
Louisiana,22,097,22097,22172
Louisiana,22,099,22099,12918
Louisiana,22,103,22103,61842
Louisiana,22,105,22105,32779
Louisiana,22,109,22109,28226
Louisiana,22,113,22113,15217
Louisiana,22,115,22115,12242
Louisiana,22,119,22119,8769
Louisiana,22,121,22121,6333
Louisiana,22,125,22125,2526
Louisiana,22,127,22127,2917
New York,36,001,36001,56475
New York,36,005,36005,354681
New York,36,007,36007,37179
New York,36,011,36011,15144
New York,36,013,36013,25990
New York,36,017,36017,9855
New York,36,019,36019,14419
New York,36,023,36023,8998
New York,36,025,36025,7476
New York,36,029,36029,186552
New York,36,033,36033,9748
New York,36,035,36035,10797
New York,36,039,36039,7807
New York,36,041,36041,600
New York,36,045,36045,26810
New York,36,047,36047,588281
New York,36,051,36051,11200
New York,36,053,36053,13597
New York,36,057,36057,11309
New York,36,059,36059,292536
New York,36,063,36063,42103
New York,36,065,36065,48676
New York,36,069,36069,22088
New York,36,071,36071,97529
New York,36,075,36075,24812
,72,119,72119,8971
,72,121,72121,4185
,72,125,72125,5657
,72,127,72127,57370
,72,129,72129,6732
,72,133,72133,4544
,72,135,72135,14480
,72,139,72139,12321
,72,141,72141,5304
,72,145,72145,9706
,72,147,72147,1624
,72,149,72149,4555
,72,153,72153,6286
Texas,48,001,48001,11105
Texas,48,005,48005,22197
Texas,48,007,48007,4866
Texas,48,011,48011,456
Texas,48,013,48013,13588
Texas,48,017,48017,1967
Texas,48,019,48019,3805
Texas,48,023,48023,796
Texas,48,025,48025,6937
Texas,48,029,48029,505237
Texas,48,031,48031,2079
Texas,48,035,48035,3892
Texas,48,039,48039,96889
Texas,48,041,48041,46638
Texas,48,045,48045,225
Texas,48,047,48047,1662
Texas,48,051,48051,4002
Texas,48,053,48053,9988
Texas,48,057,48057,5209
Texas,48,059,48059,3062
Texas,48,063,48063,3398
Texas,48,065,48065,1388
Texas,48,069,48069,2190
Texas,48,071,48071,12015
Texas,48,075,48075,1348
Texas,48,077,48077,2105
Texas,48,081,48081,706
Texas,48,083,48083,1796
Texas,48,087,48087,747
Texas,48,089,48089,5030
Texas,48,091,48091,33601
Texas,48,093,48093,3035
Texas,48,095,48095,529
Texas,48,097,48097,9634
Texas,48,099,48099,17218
,72,117,72117,2290
Texas,48,101,48101,462
Texas,48,103,48103,1483
Texas,48,105,48105,792
Texas,48,107,48107,1499
Texas,48,109,48109,591
Texas,48,111,48111,2358
Texas,48,113,48113,685818
Texas,48,115,48115,3320
Texas,48,117,48117,5798
Texas,48,119,48119,1220
Ohio,39,083,39083,14076
Ohio,39,089,39089,40629
Ohio,39,095,39095,99028
Ohio,39,099,39099,45945
Ohio,39,105,39105,5134
Ohio,39,111,39111,2849
Ohio,39,117,39117,7960
Ohio,39,123,39123,7494
Ohio,39,129,39129,12475
Georgia,13,281,13281,1449
Georgia,13,283,13283,1614
Georgia,13,287,13287,1931
Georgia,13,291,13291,3826
Georgia,13,293,13293,5923
Georgia,13,297,13297,22929
Georgia,13,299,13299,8614
Georgia,13,303,13303,4355
Georgia,13,307,13307,576
Georgia,13,309,13309,1326
Georgia,13,313,13313,27000
Georgia,13,315,13315,1624
Georgia,13,319,13319,2030
Hawaii,15,001,15001,43256
Hawaii,15,003,15003,207048
Hawaii,15,005,15005,1
Hawaii,15,007,15007,15643
Hawaii,15,009,15009,36299
Idaho,16,001,16001,110686
Idaho,16,003,16003,686
Idaho,16,005,16005,22625
Idaho,16,007,16007,1604
Idaho,16,009,16009,2091
Idaho,16,011,16011,14202
Idaho,16,013,16013,4911
Idaho,16,015,16015,1203
Idaho,16,017,16017,8814
Idaho,16,019,16019,35957
Idaho,16,021,16021,2838
Idaho,16,023,16023,559
Idaho,16,025,16025,241
Idaho,16,027,16027,63420
Idaho,16,029,16029,1996
Idaho,16,031,16031,7570
Idaho,16,033,16033,228
Idaho,16,037,16037,760
Idaho,16,041,16041,4395
Idaho,16,043,16043,3347
Idaho,16,047,16047,4164
Idaho,16,049,16049,3205
Idaho,16,053,16053,7377
Idaho,16,057,16057,7386
Idaho,16,059,16059,1422
Idaho,16,063,16063,1566
Idaho,16,065,16065,10700
Idaho,16,069,16069,8586
Idaho,16,073,16073,3030
Georgia,13,277,13277,10036
Idaho,16,075,16075,6213
Idaho,16,079,16079,2562
Idaho,16,081,16081,2891
Idaho,16,085,16085,1877
Idaho,16,087,16087,2325
Illinois,17,003,17003,1359
Illinois,17,007,17007,13178
Illinois,17,009,17009,1183
Illinois,17,013,17013,984
Illinois,17,015,17015,2721
Illinois,17,019,17019,39634
Illinois,17,023,17023,3509
New York,36,077,36077,9498
New York,36,081,36081,457287
New York,36,083,36083,31058
New York,36,087,36087,91903
New York,36,089,36089,21765
New York,36,091,36091,45771
New York,36,093,36093,33529
New York,36,095,36095,5518
New York,36,097,36097,3406
New York,36,099,36099,6858
New York,36,101,36101,20696
New York,36,103,36103,313746
New York,36,105,36105,16012
New York,36,107,36107,10095
New York,36,109,36109,15069
New York,36,111,36111,31538
New York,36,113,36113,11640
New York,36,115,36115,11535
New York,36,117,36117,19299
New York,36,119,36119,212908
New York,36,121,36121,7603
New York,36,123,36123,5625
North Carolina,37,001,37001,36877
North Carolina,37,003,37003,7518
North Carolina,37,005,37005,1906
North Carolina,37,009,37009,4763
North Carolina,37,011,37011,2522
North Carolina,37,015,37015,3249
North Carolina,37,017,37017,6849
North Carolina,37,021,37021,48038
North Carolina,37,023,37023,16853
North Carolina,37,027,37027,16632
North Carolina,37,029,37029,2420
North Carolina,37,033,37033,4220
North Carolina,37,035,37035,35114
North Carolina,37,039,37039,4640
North Carolina,37,041,37041,2799
North Carolina,37,043,37043,1866
North Carolina,37,047,37047,11681
North Carolina,37,049,37049,22127
North Carolina,37,053,37053,6045
North Carolina,37,055,37055,6900
North Carolina,37,059,37059,9021
North Carolina,37,061,37061,14165
North Carolina,37,065,37065,11748
North Carolina,37,067,37067,87191
North Carolina,37,071,37071,50147
North Carolina,37,073,37073,2324
North Carolina,37,077,37077,12301
North Carolina,37,079,37079,4251
North Carolina,37,083,37083,10829
North Carolina,37,085,37085,35003
North Carolina,37,089,37089,22109
North Carolina,37,091,37091,4455
North Carolina,37,093,37093,14923
North Carolina,37,097,37097,41053
North Carolina,37,099,37099,7238
Texas,48,121,48121,212492
Texas,48,123,48123,4562
Texas,48,125,48125,453
Texas,48,127,48127,2912
Texas,48,129,48129,667
Texas,48,131,48131,2872
Texas,48,135,48135,49111
Texas,48,137,48137,414
Texas,48,141,48141,227515
Texas,48,143,48143,8751
Texas,48,147,48147,7419
Texas,48,149,48149,5117
Texas,48,153,48153,1554
Texas,48,155,48155,215
Texas,48,159,48159,2569
Texas,48,161,48161,4476
Texas,48,165,48165,7539
Texas,48,169,48169,834
Texas,48,171,48171,5328
Texas,48,175,48175,1606
Texas,48,177,48177,5621
Texas,48,181,48181,31692
Texas,48,183,48183,31877
Texas,48,187,48187,40854
Texas,48,189,48189,9088
Texas,48,193,48193,1760
Texas,48,195,48195,1607
Texas,48,199,48199,14126
Texas,48,201,48201,1248951
Texas,48,205,48205,1200
Texas,48,207,48207,1056
Texas,48,211,48211,1133
Texas,48,213,48213,17491
Texas,48,217,48217,8396
Texas,48,219,48219,6024
Texas,48,223,48223,9028
Texas,48,225,48225,4476
Texas,48,229,48229,1115
Texas,48,231,48231,22937
Texas,48,235,48235,351
Texas,48,237,48237,1854
Texas,48,241,48241,8477
Texas,48,243,48243,328
Texas,48,247,48247,1794
Texas,48,249,48249,11387
Texas,48,253,48253,3478
Texas,48,255,48255,3370
Texas,48,257,48257,36143
Texas,48,259,48259,10635
Texas,48,261,48261,121
Texas,48,263,48263,207
Texas,48,265,48265,10009
Texas,48,267,48267,793
Texas,48,269,48269,52
Texas,48,271,48271,462
Texas,48,273,48273,7495
Texas,48,275,48275,938
Texas,48,277,48277,11833
Texas,48,279,48279,3603
Texas,48,281,48281,4451
Texas,48,283,48283,1573
Ohio,39,133,39133,30309
Ohio,39,139,39139,26271
Ohio,39,145,39145,16389
Ohio,39,151,39151,79829
Ohio,39,157,39157,21180
Ohio,39,163,39163,2907
Oklahoma,40,033,40033,1308
Oklahoma,40,039,40039,7179
Oklahoma,40,045,40045,898
Oklahoma,40,051,40051,13212
Oklahoma,40,057,40057,662
Oklahoma,40,063,40063,3184
Oklahoma,40,069,40069,2613
Oklahoma,40,075,40075,2090
Oklahoma,40,081,40081,8334
Oklahoma,40,087,40087,10207
Oklahoma,40,093,40093,1993
Oklahoma,40,099,40099,3242
Oklahoma,40,105,40105,2329
Oklahoma,40,109,40109,202179
Oklahoma,40,115,40115,7797
Oklahoma,40,121,40121,9829
Oklahoma,40,127,40127,2430
Oklahoma,40,133,40133,6104
Oklahoma,40,139,40139,6022
Oklahoma,40,145,40145,19446
Oklahoma,40,151,40151,1980
Oregon,41,003,41003,14935
Oregon,41,049,41049,3159
Oregon,41,053,41053,19150
Oregon,41,059,41059,19548
Oregon,41,065,41065,5882
Oregon,41,071,41071,23498
Rhode Island,44,005,44005,13852
Pennsylvania,42,001,42001,20663
Pennsylvania,42,007,42007,31915
Pennsylvania,42,013,42013,24920
Pennsylvania,42,019,42019,37577
Pennsylvania,42,025,42025,12258
Pennsylvania,42,031,42031,7281
Pennsylvania,42,037,42037,11552
Pennsylvania,42,043,42043,62309
Pennsylvania,42,049,42049,57995
Pennsylvania,42,055,42055,34597
Pennsylvania,42,061,42061,8161
Pennsylvania,42,067,42067,5538
Pennsylvania,42,073,42073,17182
Pennsylvania,42,079,42079,62857
Pennsylvania,42,087,42087,10315
Pennsylvania,42,129,42129,64297
South Carolina,45,003,45003,36816
South Carolina,45,009,45009,2807
South Carolina,45,015,45015,52956
South Carolina,45,021,45021,13163
South Carolina,45,027,45027,6500
South Carolina,45,035,45035,39588
South Carolina,45,041,45041,32728
South Carolina,45,047,45047,15995
Illinois,17,025,17025,3016
Illinois,17,029,17029,9173
Illinois,17,031,17031,1128625
Illinois,17,035,17035,2430
Illinois,17,037,17037,22464
Illinois,17,041,17041,4857
Illinois,17,045,17045,3421
Illinois,17,047,17047,1474
Illinois,17,051,17051,4427
Illinois,17,053,17053,2975
Illinois,17,057,17057,6815
Illinois,17,059,17059,1046
Illinois,17,063,17063,12818
Illinois,17,067,17067,3736
Illinois,17,069,17069,551
Illinois,17,073,17073,10922
Illinois,17,075,17075,5954
Illinois,17,079,17079,2167
Illinois,17,081,17081,8381
Illinois,17,083,17083,4414
Illinois,17,085,17085,4065
Illinois,17,087,17087,2253
Illinois,17,089,17089,135653
Illinois,17,091,17091,25096
Illinois,17,093,17093,36354
Illinois,17,095,17095,9930
Illinois,17,097,17097,169210
Illinois,17,099,17099,23387
Illinois,17,101,17101,2985
Illinois,17,103,17103,6725
Illinois,17,105,17105,7728
Illinois,17,107,17107,5527
Illinois,17,109,17109,5144
Illinois,17,111,17111,72227
Illinois,17,113,17113,37051
Illinois,17,115,17115,23319
Illinois,17,117,17117,9600
Illinois,17,119,17119,57737
Illinois,17,123,17123,2372
Illinois,17,125,17125,2781
Illinois,17,129,17129,2742
Illinois,17,131,17131,3324
Illinois,17,135,17135,5736
Illinois,17,137,17137,6486
Illinois,17,141,17141,11449
Illinois,17,145,17145,4060
Illinois,17,147,17147,3669
Illinois,17,151,17151,614
Illinois,17,153,17153,1156
Illinois,17,157,17157,6125
Illinois,17,159,17159,3615
Illinois,17,163,17163,61324
Illinois,17,167,17167,43628
Illinois,17,169,17169,1184
Illinois,17,173,17173,4654
Illinois,17,175,17175,1154
Illinois,17,179,17179,30032
Illinois,17,181,17181,3577
Illinois,17,185,17185,2490
North Carolina,37,103,37103,1763
North Carolina,37,105,37105,14751
North Carolina,37,109,37109,17861
North Carolina,37,111,37111,9087
North Carolina,37,115,37115,3861
North Carolina,37,117,37117,4622
North Carolina,37,121,37121,2744
North Carolina,37,123,37123,5926
North Carolina,37,125,37125,21180
North Carolina,37,127,37127,20680
North Carolina,37,129,37129,42710
North Carolina,37,131,37131,3450
North Carolina,37,133,37133,48123
North Carolina,37,135,37135,28501
North Carolina,37,137,37137,1899
North Carolina,37,139,37139,8770
North Carolina,37,141,37141,13763
North Carolina,37,143,37143,2553
North Carolina,37,145,37145,8288
North Carolina,37,147,37147,38418
North Carolina,37,149,37149,3355
North Carolina,37,151,37151,32412
North Carolina,37,153,37153,10160
North Carolina,37,155,37155,32927
North Carolina,37,157,37157,18480
North Carolina,37,159,37159,31420
North Carolina,37,161,37161,13671
North Carolina,37,163,37163,15490
North Carolina,37,165,37165,7938
North Carolina,37,169,37169,8600
North Carolina,37,171,37171,15277
North Carolina,37,175,37175,5332
North Carolina,37,177,37177,537
North Carolina,37,181,37181,10578
North Carolina,37,183,37183,260902
North Carolina,37,187,37187,2374
North Carolina,37,189,37189,7163
North Carolina,37,193,37193,13943
North Carolina,37,195,37195,18749
North Carolina,37,199,37199,3283
New Jersey,34,001,34001,56260
New Jersey,34,005,34005,93041
New Jersey,34,007,34007,115406
New Jersey,34,011,34011,36038
New Jersey,34,013,34013,190028
New Jersey,34,017,34017,137365
New Jersey,34,019,34019,24155
New Jersey,34,023,34023,179636
New Jersey,34,025,34025,131589
New Jersey,34,029,34029,144960
New Jersey,34,031,34031,119891
New Jersey,34,035,34035,72347
New Jersey,34,037,34037,27830
New Jersey,34,041,34041,20851
Indiana,18,001,18001,11176
Indiana,18,005,18005,19937
Indiana,18,007,18007,2173
Texas,48,287,48287,3769
Texas,48,289,48289,3913
Texas,48,291,48291,22897
Texas,48,293,48293,5235
Texas,48,295,48295,945
Texas,48,297,48297,2436
Texas,48,299,48299,3197
Texas,48,303,48303,73527
Texas,48,307,48307,1755
Texas,48,309,48309,62472
Texas,48,313,48313,3078
Texas,48,315,48315,1813
Texas,48,319,48319,1016
Texas,48,321,48321,9534
Texas,48,325,48325,11716
Texas,48,327,48327,378
Texas,48,331,48331,5990
Texas,48,333,48333,874
Texas,48,337,48337,4418
Texas,48,339,48339,155264
Texas,48,343,48343,2853
Texas,48,345,48345,287
Texas,48,349,48349,13108
Texas,48,351,48351,2743
Texas,48,355,48355,88993
Texas,48,357,48357,3105
Texas,48,361,48361,20876
Texas,48,363,48363,6697
Texas,48,367,48367,34198
Texas,48,369,48369,2763
Texas,48,373,48373,10128
Texas,48,375,48375,32397
Texas,48,379,48379,2305
Texas,48,381,48381,32671
Texas,48,385,48385,774
Texas,48,387,48387,2408
Texas,48,391,48391,1629
Texas,48,393,48393,184
Texas,48,397,48397,27310
Texas,48,399,48399,2459
Texas,48,403,48403,1934
Texas,48,405,48405,1625
Texas,48,409,48409,18001
Texas,48,411,48411,1189
Texas,48,415,48415,4185
Texas,48,417,48417,769
Texas,48,421,48421,703
Texas,48,423,48423,56410
Texas,48,285,48285,4741
Texas,48,425,48425,1999
Texas,48,427,48427,21074
Texas,48,429,48429,2111
Texas,48,431,48431,390
Texas,48,433,48433,382
Texas,48,435,48435,1052
Texas,48,437,48437,1840
Texas,48,439,48439,546125
Texas,48,441,48441,34034
Texas,48,443,48443,117
Texas,48,445,48445,3411
Texas,48,447,48447,305
South Carolina,45,053,45053,5938
South Carolina,45,061,45061,3300
South Carolina,45,067,45067,7140
South Carolina,45,073,45073,15613
South Carolina,45,079,45079,88982
South Carolina,45,085,45085,25625
South Dakota,46,003,46003,749
South Dakota,46,009,46009,1322
South Dakota,46,015,46015,1329
South Dakota,46,061,46061,1049
South Dakota,46,067,46067,1817
South Dakota,46,073,46073,427
South Dakota,46,081,46081,4539
South Dakota,46,087,46087,1531
South Dakota,46,093,46093,6429
South Dakota,46,099,46099,48453
South Dakota,46,103,46103,25936
South Dakota,46,111,46111,581
South Dakota,46,119,46119,245
South Dakota,46,125,46125,2035
South Dakota,46,135,46135,4813
Tennessee,47,003,47003,12477
Tennessee,47,009,47009,26550
Tennessee,47,015,47015,3070
Tennessee,47,021,47021,8914
Tennessee,47,027,47027,1576
Tennessee,47,033,47033,3394
Tennessee,47,039,47039,2432
Tennessee,47,087,47087,2140
Tennessee,47,093,47093,98068
Tennessee,47,099,47099,10933
Tennessee,47,105,47105,10307
Tennessee,47,111,47111,6046
Tennessee,47,117,47117,7851
Tennessee,47,123,47123,9916
Tennessee,47,129,47129,4146
Tennessee,47,135,47135,1854
Tennessee,47,141,47141,16399
Tennessee,47,147,47147,16982
Tennessee,47,155,47155,20209
Tennessee,47,161,47161,2880
Tennessee,47,167,47167,15014
Tennessee,47,173,47173,4276
Tennessee,47,179,47179,24638
Tennessee,47,185,47185,5944
Utah,49,001,49001,2141
Utah,49,007,49007,5349
Utah,49,013,49013,6731
Vermont,50,001,50001,6161
Vermont,50,007,50007,29054
Vermont,50,013,50013,1218
Vermont,50,019,50019,5281
Vermont,50,025,50025,7630
Virginia,51,003,51003,21863
Virginia,51,009,51009,6213
Virginia,51,015,51015,14500
Virginia,51,021,51021,1025
Virginia,51,027,51027,3647
Illinois,17,187,17187,3700
Illinois,17,191,17191,3683
Illinois,17,195,17195,12249
Illinois,17,197,17197,171799
Illinois,17,201,17201,66491
Illinois,17,203,17203,9303
Iowa,19,003,19003,747
Iowa,19,005,19005,3182
Iowa,19,009,19009,1148
Iowa,19,013,19013,28562
Iowa,19,015,19015,5665
Iowa,19,019,19019,5625
Iowa,19,023,19023,3275
Iowa,19,025,19025,2058
Iowa,19,029,19029,2852
Iowa,19,031,19031,4115
Iowa,19,035,19035,2438
Iowa,19,037,19037,2771
Iowa,19,041,19041,3629
Iowa,19,045,19045,10537
Iowa,19,047,19047,4203
Iowa,19,051,19051,2630
Iowa,19,053,19053,1712
Iowa,19,057,19057,8886
Iowa,19,059,19059,3277
Iowa,19,061,19061,22166
Iowa,19,063,19063,1925
Iowa,19,065,19065,4171
Iowa,19,067,19067,3541
Iowa,19,069,19069,2337
Iowa,19,071,19071,1471
Iowa,19,073,19073,1983
Iowa,19,075,19075,2815
Iowa,19,077,19077,2422
Iowa,19,079,19079,3364
Iowa,19,081,19081,2315
Iowa,19,083,19083,3603
Iowa,19,085,19085,3180
Iowa,19,087,19087,4310
Iowa,19,089,19089,2294
Iowa,19,091,19091,2247
Iowa,19,093,19093,1656
Iowa,19,095,19095,3702
Iowa,19,097,19097,4283
Iowa,19,101,19101,3579
Iowa,19,103,19103,30054
Iowa,19,107,19107,2319
Iowa,19,111,19111,7339
Iowa,19,113,19113,52490
Iowa,19,117,19117,1952
Iowa,19,119,19119,3330
Iowa,19,123,19123,5323
Iowa,19,127,19127,10026
Iowa,19,129,19129,3504
Iowa,19,133,19133,1808
Iowa,19,135,19135,1811
Iowa,19,139,19139,10630
Iowa,19,143,19143,1413
Iowa,19,145,19145,2960
Iowa,19,149,19149,6252
Iowa,19,151,19151,1461
Indiana,18,011,18011,17618
Indiana,18,013,18013,2668
Indiana,18,017,18017,8697
Indiana,18,019,18019,26446
Indiana,18,023,18023,8439
Indiana,18,025,18025,2360
Indiana,18,029,18029,11170
Indiana,18,031,18031,6379
Indiana,18,035,18035,20904
Indiana,18,037,18037,10363
Indiana,18,041,18041,5079
Indiana,18,043,18043,17594
Indiana,18,045,18045,3606
Indiana,18,047,18047,5392
Indiana,18,049,18049,4765
Indiana,18,051,18051,8028
Indiana,18,053,18053,13774
Indiana,18,055,18055,6982
Indiana,18,057,18057,89010
Indiana,18,059,18059,17899
Indiana,18,061,18061,8991
Indiana,18,063,18063,41726
Indiana,18,065,18065,9963
Indiana,18,067,18067,18749
Indiana,18,069,18069,7815
Indiana,18,071,18071,10682
Indiana,18,073,18073,7747
Indiana,18,075,18075,5184
Indiana,18,077,18077,6582
Indiana,18,079,18079,6452
Indiana,18,081,18081,38642
Indiana,18,083,18083,7882
Indiana,18,087,18087,12894
Indiana,18,089,18089,114286
Indiana,18,093,18093,9908
Indiana,18,095,18095,28038
Indiana,18,099,18099,11687
Indiana,18,101,18101,2257
Indiana,18,105,18105,23192
Indiana,18,107,18107,8583
Indiana,18,111,18111,3000
Indiana,18,113,18113,11773
Indiana,18,117,18117,4446
Indiana,18,119,18119,4355
Indiana,18,123,18123,4024
Indiana,18,125,18125,2689
Indiana,18,129,18129,5628
Indiana,18,131,18131,2757
Indiana,18,135,18135,5629
Indiana,18,137,18137,6777
Indiana,18,141,18141,63866
Indiana,18,145,18145,10178
Indiana,18,147,18147,4428
Indiana,18,151,18151,7057
Indiana,18,153,18153,4017
Indiana,18,157,18157,39609
Indiana,18,159,18159,3176
Indiana,18,163,18163,39248
Indiana,18,165,18165,3382
Indiana,18,169,18169,6441
Texas,48,449,48449,9489
Texas,48,451,48451,28192
Texas,48,453,48453,270643
Texas,48,455,48455,2951
Texas,48,457,48457,4137
Texas,48,459,48459,9902
Texas,48,461,48461,1060
Texas,48,463,48463,7182
Texas,48,467,48467,12940
Texas,48,469,48469,23353
Texas,48,473,48473,12913
Texas,48,475,48475,3347
Texas,48,479,48479,90377
Texas,48,481,48481,10871
Texas,48,485,48485,29786
Texas,48,487,48487,2840
Texas,48,491,48491,145945
Texas,48,493,48493,12069
Texas,48,497,48497,16754
Texas,48,499,48499,8649
Texas,48,503,48503,4354
Texas,48,505,48505,4756
Alabama,01,039,01039,8068
Alabama,01,045,01045,11329
Alabama,01,051,01051,18171
Alabama,01,057,01057,3471
Alabama,01,061,01061,5795
Alabama,01,067,01067,3555
Alabama,01,073,01073,150353
Alabama,01,079,01079,7137
Alabama,01,083,01083,21811
Alabama,01,089,01089,80316
Alabama,01,095,01095,24023
Alabama,01,101,01101,53224
Alabama,01,105,01105,1929
Alabama,01,111,01111,4814
Alabama,01,117,01117,50734
Alabama,01,121,01121,16991
Alabama,01,127,01127,14145
Alabama,01,133,01133,4838
California,06,005,06005,5962
California,06,009,06009,7618
California,06,015,06015,6003
California,06,021,06021,7491
California,06,027,06027,3722
California,06,033,06033,13528
California,06,037,06037,2178559
California,06,083,06083,99039
California,06,089,06089,38668
Virginia,51,033,51033,7081
Virginia,51,041,51041,82987
Virginia,51,047,51047,12679
Virginia,51,053,51053,5964
Virginia,51,061,51061,16357
Virginia,51,067,51067,10656
Virginia,51,073,51073,7424
Virginia,51,079,51079,4702
Virginia,51,085,51085,23393
Virginia,51,091,51091,309
Virginia,51,143,51143,11445
Virginia,51,153,51153,126298
Virginia,51,159,51159,1528
Virginia,51,165,51165,17989
Virginia,51,171,51171,9178
Virginia,51,177,51177,33443
Virginia,51,183,51183,1725
Virginia,51,191,51191,9756
Virginia,51,197,51197,5672
Virginia,51,520,51520,3556
Virginia,51,550,51550,58883
Virginia,51,595,51595,1654
Virginia,51,620,51620,2009
Virginia,51,650,51650,28544
Virginia,51,678,51678,581
Virginia,51,685,51685,4541
Virginia,51,710,51710,47911
Virginia,51,735,51735,2597
Virginia,51,760,51760,39853
Washington,53,031,53031,3828
Washington,53,039,53039,4250
Washington,53,045,53045,12613
Washington,53,051,53051,2577
Washington,53,057,53057,27742
Washington,53,063,53063,113309
Washington,53,069,53069,754
Washington,53,075,53075,7416
West Virginia,54,003,54003,27441
West Virginia,54,009,54009,3891
West Virginia,54,017,54017,1330
West Virginia,54,023,54023,2134
West Virginia,54,029,54029,5529
West Virginia,54,035,54035,6258
West Virginia,54,041,54041,3442
West Virginia,54,047,54047,3714
West Virginia,54,053,54053,5513
West Virginia,54,059,54059,5297
West Virginia,54,065,54065,3169
Wisconsin,55,001,55001,2962
Wisconsin,55,007,55007,2610
Wisconsin,55,013,55013,2698
Wisconsin,55,019,55019,10245
Wisconsin,55,025,55025,110477
Wisconsin,55,031,55031,8587
Wisconsin,55,037,55037,666
Wisconsin,55,043,55043,10700
Wisconsin,55,049,55049,5358
Wisconsin,55,055,55055,17886
Iowa,19,155,19155,21866
Iowa,19,159,19159,1200
Iowa,19,161,19161,2164
Iowa,19,165,19165,2534
Iowa,19,167,19167,9469
Iowa,19,171,19171,4152
Iowa,19,175,19175,2759
Iowa,19,177,19177,1637
Iowa,19,181,19181,12534
Iowa,19,183,19183,5470
Iowa,19,187,19187,7709
Iowa,19,191,19191,3705
Iowa,19,193,19193,26767
Iowa,19,197,19197,3052
Maryland,24,001,24001,12305
Maryland,24,005,24005,179086
Maryland,24,011,24011,7850
Maryland,24,013,24013,36622
Maryland,24,017,24017,38747
Maryland,24,019,24019,6734
Maryland,24,023,24023,5411
Maryland,24,025,24025,56569
Maryland,24,029,24029,3045
Maryland,24,033,24033,202908
Maryland,24,035,24035,10753
Maryland,24,039,24039,4390
Maryland,24,041,24041,6796
Maryland,24,043,24043,32813
Maryland,24,045,24045,22612
Maryland,24,047,24047,8935
Maryland,24,510,24510,123241
Michigan,26,001,26001,1328
Michigan,26,003,26003,1379
Michigan,26,005,26005,28307
Michigan,26,007,26007,5326
Michigan,26,009,26009,4205
Michigan,26,011,26011,2718
Michigan,26,013,26013,1472
Michigan,26,015,26015,13490
Michigan,26,017,26017,20903
Michigan,26,019,26019,3206
Michigan,26,021,26021,33497
Michigan,26,023,26023,10113
Michigan,26,025,26025,30611
Michigan,26,027,26027,10697
Michigan,26,029,26029,4959
Michigan,26,033,26033,6801
Michigan,26,035,26035,6081
Michigan,26,039,26039,2562
Michigan,26,041,26041,7093
Michigan,26,045,26045,22904
Michigan,26,049,26049,91812
Michigan,26,051,26051,4808
Michigan,26,055,26055,18688
Michigan,26,057,26057,8035
Michigan,26,061,26061,7246
Michigan,26,063,26063,5959
Michigan,26,067,26067,14358
Michigan,26,071,26071,1817
Indiana,18,171,18171,1768
Indiana,18,175,18175,6399
Indiana,18,177,18177,14616
Indiana,18,181,18181,5636
Indiana,18,183,18183,7808
Massachusetts,25,003,25003,21289
Massachusetts,25,005,25005,116553
Massachusetts,25,009,25009,167490
Massachusetts,25,011,25011,12230
Massachusetts,25,015,25015,23439
Massachusetts,25,017,25017,317941
Massachusetts,25,021,25021,147302
Massachusetts,25,023,25023,111332
Massachusetts,25,025,25025,132639
Massachusetts,25,027,25027,174503
Ohio,39,001,39001,6630
Ohio,39,003,39003,23764
Ohio,39,005,39005,12009
Ohio,39,007,39007,21516
Ohio,39,009,39009,9575
Ohio,39,011,39011,11024
Ohio,39,013,39013,12700
Ohio,39,015,39015,9923
Ohio,39,017,39017,89687
Ohio,39,019,39019,5592
Ohio,39,021,39021,8670
Ohio,39,023,39023,30212
Ohio,39,025,39025,47361
Ohio,39,027,39027,9706
Ohio,39,029,39029,20819
Ohio,39,031,39031,8565
Ohio,39,033,39033,9079
Ohio,39,035,39035,257707
Ohio,39,039,39039,8711
Ohio,39,041,39041,54078
Ohio,39,045,39045,37471
Ohio,39,047,39047,6745
Ohio,39,051,39051,9949
Ohio,39,053,39053,6891
Ohio,39,057,39057,34584
Ohio,39,059,39059,8586
Ohio,39,063,39063,16806
Ohio,39,065,39065,7047
Ohio,39,069,39069,6296
Ohio,39,073,39073,6163
Ohio,39,075,39075,13731
Ohio,39,079,39079,7679
Ohio,39,081,39081,12664
Ohio,39,085,39085,46016
Ohio,39,087,39087,13187
Ohio,39,091,39091,10475
Ohio,39,093,39093,68027
Ohio,39,097,39097,9052
Ohio,39,101,39101,13721
Ohio,39,103,39103,39989
Ohio,39,107,39107,10552
Ohio,39,109,39109,24469
Ohio,39,113,39113,117747
Ohio,39,115,39115,3040
Ohio,39,119,39119,19534
California,06,093,06093,8800
California,06,099,06099,148177
California,06,105,06105,2161
California,06,111,06111,193847
Arkansas,05,001,05001,4066
Arkansas,05,007,05007,71869
Arkansas,05,011,05011,2616
Arkansas,05,017,05017,2304
Arkansas,05,023,05023,4760
Arkansas,05,029,05029,4767
Arkansas,05,033,05033,15460
Arkansas,05,039,05039,1516
Arkansas,05,045,05045,28824
Arkansas,05,051,05051,19893
Arkansas,05,055,05055,11031
Arkansas,05,061,05061,3454
Arkansas,05,067,05067,3372
Arkansas,05,073,05073,1279
Arkansas,05,077,05077,1636
Arkansas,05,083,05083,4687
Arkansas,05,089,05089,3006
Arkansas,05,093,05093,10856
Arkansas,05,141,05141,3199
Arkansas,05,147,05147,1389
Connecticut,09,001,09001,212144
Connecticut,09,007,09007,28742
Connecticut,09,013,09013,26175
Alaska,02,013,02013,443
Alaska,02,050,02050,6508
Alaska,02,066,02066,805
Alaska,02,090,02090,23708
Alaska,02,110,02110,6855
Alaska,02,150,02150,3374
Alaska,02,164,02164,296
Alaska,02,185,02185,2484
Alaska,02,198,02198,1454
Alaska,02,240,02240,1837
Colorado,08,001,08001,135307
Colorado,08,005,08005,152820
Colorado,08,011,08011,861
Colorado,08,015,08015,3004
Colorado,08,019,08019,1526
Colorado,08,025,08025,821
Colorado,08,031,08031,138830
Colorado,08,079,08079,129
Colorado,08,085,08085,9014
Colorado,08,089,08089,4381
Colorado,08,095,08095,1181
Colorado,08,101,08101,37585
Colorado,08,107,08107,4492
Colorado,08,111,08111,119
Colorado,08,117,08117,5112
Colorado,08,123,08123,82234
Delaware,10,001,10001,41125
Montana,30,001,30001,1628
Montana,30,007,30007,1164
Montana,30,013,30013,18359
Montana,30,017,30017,2434
Wisconsin,55,061,55061,4324
Wisconsin,55,067,55067,3717
Wisconsin,55,073,55073,30987
Wisconsin,55,078,55078,1487
Wisconsin,55,085,55085,6150
Wisconsin,55,091,55091,1507
Wisconsin,55,097,55097,13610
Wisconsin,55,103,55103,3753
Wisconsin,55,109,55109,22271
Wyoming,56,017,56017,884
Wyoming,56,025,56025,19258
Wyoming,56,031,56031,1538
Wyoming,56,037,56037,11303
Wyoming,56,043,56043,1888
,72,003,72003,6547
,72,009,72009,4181
,72,015,72015,3665
,72,021,72021,30550
,72,029,72029,9085
,72,035,72035,7808
,72,041,72041,7618
,72,047,72047,6719
,72,053,72053,5837
,72,059,72059,3624
,72,065,72065,7120
,72,071,72071,7445
,72,077,72077,7950
,72,123,72123,5805
,72,131,72131,6754
,72,137,72137,14414
,72,143,72143,7509
,72,151,72151,6064
Texas,48,003,48003,5592
Texas,48,009,48009,1912
Texas,48,015,48015,7134
Texas,48,021,48021,22133
Texas,48,027,48027,98454
Texas,48,033,48033,213
Texas,48,037,48037,22151
Texas,48,043,48043,1775
Texas,48,049,48049,8227
Texas,48,055,48055,10206
Texas,48,061,48061,128418
Texas,48,067,48067,6718
Texas,48,073,48073,13246
Texas,48,079,48079,765
Texas,48,085,48085,261302
Texas,48,133,48133,3869
Texas,48,139,48139,47833
Texas,48,145,48145,3670
Texas,48,151,48151,821
Texas,48,157,48157,217306
Texas,48,163,48163,4690
Texas,48,167,48167,81926
Texas,48,173,48173,279
Texas,48,179,48179,5604
Texas,48,185,48185,6340
Texas,48,191,48191,683
Texas,48,197,48197,790
Michigan,26,073,26073,12217
Michigan,26,077,26077,57104
Michigan,26,079,26079,3704
Michigan,26,083,26083,306
Michigan,26,085,26085,1917
Michigan,26,089,26089,3495
Michigan,26,093,26093,40632
Michigan,26,095,26095,1031
Michigan,26,099,26099,183599
Michigan,26,101,26101,4254
Michigan,26,105,26105,5896
Michigan,26,107,26107,8060
Michigan,26,111,26111,17841
Michigan,26,115,26115,32047
Michigan,26,117,26117,14148
Michigan,26,121,26121,40078
Michigan,26,123,26123,10938
Michigan,26,127,26127,5991
Michigan,26,129,26129,3838
Michigan,26,133,26133,5215
Michigan,26,135,26135,1591
Michigan,26,139,26139,69142
Michigan,26,143,26143,3532
Michigan,26,145,26145,41042
Michigan,26,149,26149,14892
Michigan,26,151,26151,8814
Michigan,26,155,26155,14397
Michigan,26,157,26157,10784
Michigan,26,161,26161,68622
Michigan,26,163,26163,415111
Michigan,26,165,26165,7772
Mississippi,28,001,28001,6645
Mississippi,28,003,28003,8569
Mississippi,28,005,28005,2532
Mississippi,28,007,28007,4617
Mississippi,28,009,28009,1747
Mississippi,28,011,28011,7733
Mississippi,28,013,28013,3383
Mississippi,28,015,28015,1885
Mississippi,28,017,28017,4229
Mississippi,28,019,28019,1783
Mississippi,28,021,28021,2005
Mississippi,28,023,28023,3475
Mississippi,28,025,28025,4448
Mississippi,28,027,28027,6112
Mississippi,28,029,28029,6544
Mississippi,28,031,28031,4591
Mississippi,28,033,28033,46689
Mississippi,28,035,28035,17430
Mississippi,28,037,28037,1803
Mississippi,28,041,28041,2640
Mississippi,28,043,28043,4998
Mississippi,28,047,28047,49239
Mississippi,28,049,28049,57025
Mississippi,28,053,28053,2156
Mississippi,28,055,28055,166
Mississippi,28,059,28059,33371
Mississippi,28,061,28061,3719
Ohio,39,121,39121,2684
Ohio,39,125,39125,4412
Ohio,39,127,39127,8494
Ohio,39,131,39131,6567
Ohio,39,135,39135,9196
Ohio,39,137,39137,8648
Ohio,39,141,39141,16331
Ohio,39,143,39143,13286
Ohio,39,147,39147,12051
Ohio,39,149,39149,12113
Ohio,39,153,39153,113436
Ohio,39,155,39155,40842
Ohio,39,159,39159,14305
Ohio,39,161,39161,6606
Ohio,39,165,39165,57263
Ohio,39,167,39167,11854
Ohio,39,169,39169,28263
Ohio,39,171,39171,8369
Ohio,39,173,39173,26555
Ohio,39,175,39175,4852
Oklahoma,40,001,40001,5966
Oklahoma,40,003,40003,1147
Oklahoma,40,005,40005,3072
Oklahoma,40,007,40007,1391
Oklahoma,40,009,40009,5441
Oklahoma,40,011,40011,1988
Oklahoma,40,013,40013,11091
Oklahoma,40,015,40015,7259
Oklahoma,40,017,40017,37616
Oklahoma,40,019,40019,12060
Oklahoma,40,021,40021,10751
Oklahoma,40,023,40023,3573
Oklahoma,40,025,40025,563
Oklahoma,40,027,40027,60574
Oklahoma,40,029,40029,1366
Oklahoma,40,031,40031,28691
Oklahoma,40,035,40035,3084
Oklahoma,40,037,40037,16881
Oklahoma,40,041,40041,8690
Oklahoma,40,043,40043,1326
Oklahoma,40,047,40047,15481
Oklahoma,40,049,40049,6922
Oklahoma,40,053,40053,1047
Oklahoma,40,055,40055,1274
Oklahoma,40,059,40059,950
Oklahoma,40,061,40061,3003
Oklahoma,40,065,40065,6279
Oklahoma,40,067,40067,1505
Oklahoma,40,071,40071,10949
Oklahoma,40,073,40073,4248
Oklahoma,40,077,40077,2216
Oklahoma,40,079,40079,12196
Oklahoma,40,083,40083,10884
Oklahoma,40,085,40085,2502
Oklahoma,40,089,40089,8392
Oklahoma,40,091,40091,3923
Oklahoma,40,095,40095,3833
Oklahoma,40,097,40097,9607
Oklahoma,40,101,40101,16686
Oklahoma,40,103,40103,2660
Montana,30,023,30023,1266
Montana,30,029,30029,22255
Montana,30,035,30035,4249
Montana,30,039,30039,574
Montana,30,045,30045,414
Montana,30,051,30051,551
Montana,30,057,30057,1324
Montana,30,063,30063,22304
Montana,30,067,30067,2869
Montana,30,073,30073,1422
Georgia,13,009,13009,8450
Georgia,13,015,13015,25703
Georgia,13,019,13019,4633
Georgia,13,025,13025,4556
Georgia,13,031,13031,15434
Georgia,13,037,13037,1103
Georgia,13,043,13043,2707
Georgia,13,049,13049,2441
Georgia,13,055,13055,5606
Georgia,13,061,13061,578
Georgia,13,065,13065,1696
Georgia,13,071,13071,11761
Georgia,13,077,13077,35521
Georgia,13,083,13083,3087
Georgia,13,087,13087,6448
Georgia,13,093,13093,2347
Georgia,13,099,13099,2540
Georgia,13,103,13103,16518
Georgia,13,109,13109,2842
Georgia,13,115,13115,22581
Georgia,13,119,13119,5048
Georgia,13,125,13125,661
Georgia,13,131,13131,6080
Georgia,13,137,13137,10184
Georgia,13,141,13141,925
Georgia,13,185,13185,27948
Georgia,13,189,13189,5323
Georgia,13,195,13195,6805
Georgia,13,201,13201,1320
Georgia,13,207,13207,5809
Georgia,13,213,13213,9823
Georgia,13,219,13219,10387
Georgia,13,225,13225,5707
Georgia,13,229,13229,4807
Georgia,13,235,13235,1968
Georgia,13,241,13241,2672
Georgia,13,245,13245,46219
Georgia,13,251,13251,2936
Georgia,13,257,13257,5610
Georgia,13,263,13263,1043
Georgia,13,267,13267,5199
Georgia,13,273,13273,2001
Georgia,13,279,13279,7078
Georgia,13,285,13285,17223
Georgia,13,289,13289,1585
Georgia,13,295,13295,15095
Georgia,13,301,13301,1080
Georgia,13,305,13305,7332
Georgia,13,311,13311,5558
Georgia,13,317,13317,2067
Texas,48,203,48203,16758
Texas,48,209,48209,51314
Texas,48,215,48215,280998
Texas,48,221,48221,12614
Texas,48,227,48227,7969
Texas,48,233,48233,5303
Texas,48,239,48239,3780
Texas,48,245,48245,60934
Texas,48,251,48251,44448
Texas,48,301,48301,26
Texas,48,305,48305,1574
Texas,48,311,48311,215
Texas,48,317,48317,1807
Texas,48,323,48323,18148
Texas,48,329,48329,48985
Texas,48,335,48335,1700
Texas,48,341,48341,6751
Texas,48,347,48347,15067
Texas,48,353,48353,3853
Texas,48,359,48359,771
Texas,48,365,48365,5390
Texas,48,371,48371,3877
Texas,48,377,48377,1812
Texas,48,383,48383,1140
Texas,48,389,48389,3476
Texas,48,395,48395,4053
Texas,48,401,48401,12017
Texas,48,407,48407,6196
Texas,48,413,48413,745
Texas,48,419,48419,6608
Texas,48,465,48465,13885
Texas,48,471,48471,10680
Texas,48,477,48477,7613
Texas,48,483,48483,1321
Texas,48,489,48489,5096
Texas,48,495,48495,2305
Texas,48,501,48501,2837
Texas,48,507,48507,3464
Mississippi,28,065,28065,2235
Mississippi,28,067,28067,17156
Mississippi,28,071,28071,10026
Mississippi,28,075,28075,17786
Mississippi,28,077,28077,3077
Mississippi,28,081,28081,21581
Mississippi,28,083,28083,7966
Mississippi,28,087,28087,13970
Mississippi,28,089,28089,26355
Mississippi,28,093,28093,7476
Mississippi,28,095,28095,7992
Mississippi,28,099,28099,7995
Mississippi,28,103,28103,2613
Mississippi,28,105,28105,8679
Mississippi,28,109,28109,12433
Mississippi,28,111,28111,2733
Mississippi,28,115,28115,8499
Mississippi,28,117,28117,5683
Mississippi,28,121,28121,35569
Mississippi,28,123,28123,7600
Mississippi,28,127,28127,6371
Mississippi,28,131,28131,3977
Mississippi,28,133,28133,5683
Mississippi,28,137,28137,6596
Mississippi,28,139,28139,5341
Mississippi,28,143,28143,2852
Mississippi,28,145,28145,7155
Mississippi,28,149,28149,10984
Mississippi,28,151,28151,11601
Mississippi,28,155,28155,2300
Mississippi,28,157,28157,1852
Mississippi,28,161,28161,2741
Mississippi,28,163,28163,6725
New Mexico,35,003,35003,510
New Mexico,35,005,35005,17122
New Mexico,35,006,35006,6262
New Mexico,35,007,35007,2194
New Mexico,35,009,35009,13079
New Mexico,35,011,35011,851
New Mexico,35,013,35013,53464
New Mexico,35,015,35015,15297
New Mexico,35,017,35017,5393
New Mexico,35,019,35019,758
New Mexico,35,021,35021,59
New Mexico,35,023,35023,930
New Mexico,35,025,35025,21216
New Mexico,35,027,35027,3465
New Mexico,35,028,35028,4288
New Mexico,35,029,35029,6315
New Mexico,35,031,35031,20668
New Mexico,35,033,35033,590
New Mexico,35,035,35035,15444
New Mexico,35,037,35037,1879
New Mexico,35,039,35039,8997
New Mexico,35,043,35043,33691
New Mexico,35,045,35045,33315
New Mexico,35,049,35049,27056
New Mexico,35,053,35053,3776
Oklahoma,40,107,40107,2744
Oklahoma,40,111,40111,9095
Oklahoma,40,113,40113,10229
Oklahoma,40,117,40117,3871
Oklahoma,40,119,40119,15610
Oklahoma,40,123,40123,9172
Oklahoma,40,125,40125,17175
Oklahoma,40,129,40129,918
Oklahoma,40,131,40131,21611
Oklahoma,40,135,40135,9903
Oklahoma,40,137,40137,10051
Oklahoma,40,141,40141,1747
Oklahoma,40,143,40143,163921
Oklahoma,40,147,40147,12384
Oklahoma,40,149,40149,2745
Oklahoma,40,153,40153,5069
Oregon,41,001,41001,3155
Oregon,41,005,41005,89258
Oregon,41,007,41007,7491
Oregon,41,009,41009,10940
Oregon,41,011,41011,11784
Oregon,41,013,41013,4697
Oregon,41,015,41015,3220
Oregon,41,017,41017,38375
Oregon,41,019,41019,21240
Oregon,41,021,41021,330
Oregon,41,023,41023,1232
Oregon,41,025,41025,1485
Oregon,41,027,41027,5517
Oregon,41,029,41029,44937
Oregon,41,031,41031,5620
Oregon,41,033,41033,16960
Oregon,41,035,41035,14644
Oregon,41,037,41037,1482
Oregon,41,039,41039,69406
Oregon,41,041,41041,8336
Oregon,41,043,41043,28581
Oregon,41,045,41045,7652
Oregon,41,047,41047,84364
Oregon,41,051,41051,151312
Oregon,41,055,41055,327
Oregon,41,057,41057,5040
Oregon,41,061,41061,5855
Oregon,41,063,41063,1299
Oregon,41,067,41067,136108
Oregon,41,069,41069,257
Rhode Island,44,001,44001,9074
Rhode Island,44,003,44003,30775
Rhode Island,44,007,44007,130930
Rhode Island,44,009,44009,20813
Pennsylvania,42,003,42003,228296
Pennsylvania,42,005,42005,12516
Pennsylvania,42,009,42009,9386
Pennsylvania,42,011,42011,93714
Pennsylvania,42,015,42015,13358
Pennsylvania,42,017,42017,128008
Pennsylvania,42,021,42021,25312
Pennsylvania,42,023,42023,732
Pennsylvania,42,027,42027,24309
Georgia,13,321,13321,4518
Idaho,16,035,16035,1423
Idaho,16,039,16039,6795
Idaho,16,045,16045,4080
Idaho,16,051,16051,9782
Idaho,16,055,16055,36920
Idaho,16,061,16061,862
Idaho,16,067,16067,5969
Idaho,16,071,16071,1259
Idaho,16,077,16077,2362
Idaho,16,083,16083,23709
Illinois,17,001,17001,14877
Illinois,17,005,17005,3152
Illinois,17,011,17011,7040
Illinois,17,017,17017,3008
Illinois,17,021,17021,6550
Illinois,17,027,17027,7940
Illinois,17,033,17033,3628
Illinois,17,039,17039,3478
Illinois,17,043,17043,210237
Illinois,17,049,17049,8044
Illinois,17,055,17055,8534
Illinois,17,061,17061,2723
Illinois,17,065,17065,1762
Illinois,17,071,17071,1235
Illinois,17,077,17077,10630
Illinois,17,121,17121,8646
Illinois,17,127,17127,3087
Illinois,17,133,17133,7663
Illinois,17,139,17139,3687
Illinois,17,143,17143,43065
Illinois,17,149,17149,3489
Illinois,17,155,17155,1129
Illinois,17,161,17161,31834
Illinois,17,165,17165,5126
Illinois,17,171,17171,1061
Illinois,17,177,17177,9600
Illinois,17,183,17183,18103
Illinois,17,189,17189,2970
Illinois,17,193,17193,2923
Illinois,17,199,17199,14590
Iowa,19,001,19001,1507
Iowa,19,007,19007,2783
Iowa,19,011,19011,5971
Iowa,19,017,19017,5611
Iowa,19,021,19021,5160
Iowa,19,027,19027,4721
Iowa,19,033,19033,8836
Iowa,19,039,19039,2326
Iowa,19,043,19043,3708
Iowa,19,049,19049,24973
Iowa,19,055,19055,4058
Iowa,19,099,19099,8238
Iowa,19,105,19105,4388
Iowa,19,109,19109,3205
Iowa,19,115,19115,2508
Iowa,19,121,19121,3984
Iowa,19,125,19125,7717
Iowa,19,131,19131,2496
Iowa,19,137,19137,2322
New Mexico,35,055,35055,5778
New Mexico,35,059,35059,834
New Mexico,35,061,35061,17907
North Dakota,38,003,38003,2082
North Dakota,38,005,38005,2336
North Dakota,38,009,38009,1377
North Dakota,38,011,38011,761
North Dakota,38,015,38015,22224
North Dakota,38,017,38017,40295
North Dakota,38,021,38021,1149
North Dakota,38,025,38025,1058
North Dakota,38,027,38027,502
North Dakota,38,031,38031,703
North Dakota,38,033,38033,362
North Dakota,38,037,38037,510
North Dakota,38,039,38039,457
North Dakota,38,043,38043,556
North Dakota,38,045,38045,969
North Dakota,38,049,38049,1383
North Dakota,38,051,38051,435
North Dakota,38,055,38055,2061
North Dakota,38,057,38057,1882
North Dakota,38,061,38061,2859
North Dakota,38,065,38065,496
North Dakota,38,067,38067,1423
North Dakota,38,071,38071,2706
North Dakota,38,073,38073,1101
North Dakota,38,077,38077,3550
North Dakota,38,079,38079,4908
North Dakota,38,083,38083,205
North Dakota,38,085,38085,1514
North Dakota,38,089,38089,8310
North Dakota,38,091,38091,407
North Dakota,38,095,38095,460
North Dakota,38,097,38097,1787
North Dakota,38,101,38101,16244
North Dakota,38,105,38105,10378
Arizona,04,001,04001,19235
Arizona,04,003,04003,27159
Arizona,04,005,04005,29040
Arizona,04,007,04007,10688
Arizona,04,009,04009,10267
Arizona,04,011,04011,2585
Arizona,04,012,04012,3374
Arizona,04,013,04013,1051018
Arizona,04,015,04015,36006
Arizona,04,017,04017,29180
Arizona,04,019,04019,216362
Arizona,04,021,04021,101172
Arizona,04,023,04023,12629
Arizona,04,025,04025,37584
Arizona,04,027,04027,53346
Kansas,20,001,20001,2802
Kansas,20,003,20003,2028
Kansas,20,005,20005,3781
Kansas,20,007,20007,1117
Kansas,20,009,20009,6220
Kansas,20,011,20011,3691
Pennsylvania,42,029,42029,118549
Pennsylvania,42,033,42033,14444
Pennsylvania,42,035,42035,7794
Pennsylvania,42,039,42039,17661
Pennsylvania,42,041,42041,51036
Pennsylvania,42,045,42045,124495
Pennsylvania,42,047,42047,5741
Pennsylvania,42,051,42051,25096
Pennsylvania,42,053,42053,377
Pennsylvania,42,057,42057,2882
Pennsylvania,42,059,42059,7082
Pennsylvania,42,063,42063,15199
Pennsylvania,42,065,42065,9284
Pennsylvania,42,069,42069,42875
Pennsylvania,42,071,42071,127835
Pennsylvania,42,075,42075,31967
Pennsylvania,42,077,42077,83396
Pennsylvania,42,081,42081,23345
Pennsylvania,42,083,42083,8134
Pennsylvania,42,085,42085,21454
Pennsylvania,42,089,42089,33149
Pennsylvania,42,091,42091,178562
Pennsylvania,42,093,42093,3715
Pennsylvania,42,095,42095,60669
Pennsylvania,42,097,42097,17913
Pennsylvania,42,099,42099,9904
Pennsylvania,42,101,42101,343874
Pennsylvania,42,103,42103,9909
Pennsylvania,42,105,42105,3409
Pennsylvania,42,107,42107,28029
Pennsylvania,42,109,42109,8413
Pennsylvania,42,111,42111,13377
Pennsylvania,42,113,42113,646
Pennsylvania,42,115,42115,7610
Pennsylvania,42,117,42117,8118
Pennsylvania,42,119,42119,7997
Pennsylvania,42,121,42121,9933
Pennsylvania,42,123,42123,7663
Pennsylvania,42,125,42125,40463
Pennsylvania,42,127,42127,8503
Pennsylvania,42,131,42131,5295
Pennsylvania,42,133,42133,98737
South Carolina,45,001,45001,4974
South Carolina,45,005,45005,1670
South Carolina,45,007,45007,45689
South Carolina,45,011,45011,4967
South Carolina,45,013,45013,35377
South Carolina,45,017,45017,2791
South Carolina,45,019,45019,80003
South Carolina,45,023,45023,7219
South Carolina,45,025,45025,10180
South Carolina,45,029,45029,8458
South Carolina,45,031,45031,14867
South Carolina,45,033,45033,7681
South Carolina,45,037,45037,4888
South Carolina,45,039,45039,4284
South Carolina,45,043,45043,11285
Iowa,19,141,19141,3254
Iowa,19,147,19147,2069
Iowa,19,153,19153,120710
Iowa,19,157,19157,3588
Iowa,19,163,19163,41083
Iowa,19,169,19169,16064
Iowa,19,173,19173,1430
Iowa,19,179,19179,7972
Iowa,19,185,19185,1638
Iowa,19,189,19189,2281
Iowa,19,195,19195,1520
Maryland,24,003,24003,128406
Maryland,24,009,24009,21370
Maryland,24,015,24015,23299
Maryland,24,021,24021,59421
Maryland,24,027,24027,78553
Maryland,24,031,24031,243489
Maryland,24,037,24037,27411
Michigan,26,031,26031,4196
Michigan,26,037,26037,17636
Michigan,26,043,26043,5012
Michigan,26,047,26047,6366
Michigan,26,053,26053,2308
Michigan,26,059,26059,9951
Michigan,26,065,26065,57415
Michigan,26,069,26069,4144
Michigan,26,075,26075,34092
Michigan,26,081,26081,157738
Michigan,26,087,26087,18174
Michigan,26,091,26091,20739
Michigan,26,097,26097,1690
Michigan,26,103,26103,11891
Michigan,26,109,26109,4182
Michigan,26,113,26113,3446
Michigan,26,119,26119,1357
Michigan,26,125,26125,263007
Michigan,26,131,26131,682
Michigan,26,137,26137,5161
Michigan,26,141,26141,2010
Michigan,26,147,26147,33237
Michigan,26,153,26153,1362
Michigan,26,159,26159,17582
Mississippi,28,039,28039,6365
Mississippi,28,045,28045,9604
Mississippi,28,051,28051,4443
Mississippi,28,057,28057,5088
Mississippi,28,063,28063,1573
Mississippi,28,069,28069,1830
Mississippi,28,073,28073,15524
Mississippi,28,079,28079,5894
Mississippi,28,085,28085,7999
Mississippi,28,091,28091,5783
Mississippi,28,097,28097,2262
Mississippi,28,101,28101,5244
Mississippi,28,107,28107,8533
Mississippi,28,113,28113,10191
Mississippi,28,119,28119,1635
Mississippi,28,125,28125,1060
Mississippi,28,129,28129,3682
Kansas,20,015,20015,17054
Kansas,20,019,20019,682
Kansas,20,021,20021,4754
Kansas,20,025,20025,469
Kansas,20,027,20027,1844
Kansas,20,031,20031,1736
Kansas,20,033,20033,345
Kansas,20,037,20037,8463
Kansas,20,041,20041,4346
Kansas,20,043,20043,1467
Kansas,20,047,20047,639
Kansas,20,049,20049,549
Kansas,20,053,20053,1140
Kansas,20,055,20055,11067
Kansas,20,059,20059,6129
Kansas,20,061,20061,10349
Kansas,20,065,20065,514
Kansas,20,069,20069,1756
Kansas,20,071,20071,316
Kansas,20,075,20075,742
Kansas,20,077,20077,1369
Kansas,20,081,20081,1128
Kansas,20,083,20083,399
Kansas,20,087,20087,4333
Kansas,20,091,20091,145364
Kansas,20,093,20093,1122
Kansas,20,097,20097,595
Kansas,20,099,20099,4780
Kansas,20,103,20103,19323
Kansas,20,105,20105,713
Kansas,20,109,20109,682
Kansas,20,113,20113,6298
Kansas,20,115,20115,2514
Kansas,20,119,20119,1049
Kansas,20,121,20121,8220
Kansas,20,125,20125,7593
Kansas,20,127,20127,1155
Kansas,20,131,20131,2684
Kansas,20,133,20133,3933
Kansas,20,137,20137,1027
Kansas,20,141,20141,733
Kansas,20,143,20143,1299
Kansas,20,145,20145,1070
Kansas,20,147,20147,1185
Kansas,20,149,20149,7090
Kansas,20,151,20151,2360
Kansas,20,153,20153,528
Kansas,20,155,20155,14039
Kansas,20,157,20157,996
Kansas,20,159,20159,2133
Kansas,20,161,20161,12184
Kansas,20,163,20163,1123
Kansas,20,165,20165,632
Kansas,20,167,20167,1530
Kansas,20,169,20169,12668
Kansas,20,171,20171,1339
Kansas,20,173,20173,132524
Kansas,20,175,20175,6795
Kansas,20,177,20177,41934
Kansas,20,179,20179,607
South Carolina,45,049,45049,4151
South Carolina,45,051,45051,62018
South Carolina,45,055,45055,15176
South Carolina,45,057,45057,20574
South Carolina,45,059,45059,14683
South Carolina,45,063,45063,68278
South Carolina,45,065,45065,1129
South Carolina,45,069,45069,5292
South Carolina,45,071,45071,8320
South Carolina,45,075,45075,19127
South Carolina,45,077,45077,23665
South Carolina,45,081,45081,4423
South Carolina,45,083,45083,72755
South Carolina,45,087,45087,5833
South Carolina,45,089,45089,6402
South Carolina,45,091,45091,66275
South Dakota,46,005,46005,4945
South Dakota,46,007,46007,1221
South Dakota,46,011,46011,7271
South Dakota,46,013,46013,9268
South Dakota,46,017,46017,769
South Dakota,46,019,46019,2544
South Dakota,46,021,46021,302
South Dakota,46,023,46023,2756
South Dakota,46,025,46025,1001
South Dakota,46,027,46027,2373
South Dakota,46,029,46029,6774
South Dakota,46,031,46031,1505
South Dakota,46,033,46033,1295
South Dakota,46,035,46035,4594
South Dakota,46,037,46037,1186
South Dakota,46,039,46039,1016
South Dakota,46,041,46041,2158
South Dakota,46,043,46043,708
South Dakota,46,045,46045,983
South Dakota,46,047,46047,1161
South Dakota,46,049,46049,490
South Dakota,46,051,46051,1569
South Dakota,46,053,46053,999
South Dakota,46,055,46055,557
South Dakota,46,057,46057,1944
South Dakota,46,059,46059,654
South Dakota,46,063,46063,243
South Dakota,46,065,46065,4215
South Dakota,46,069,46069,294
South Dakota,46,071,46071,1053
South Dakota,46,075,46075,218
South Dakota,46,077,46077,1116
South Carolina,45,045,45045,119020
South Dakota,46,079,46079,2616
South Dakota,46,083,46083,16394
South Dakota,46,085,46085,1098
South Dakota,46,089,46089,502
South Dakota,46,091,46091,1130
South Dakota,46,095,46095,588
South Dakota,46,097,46097,540
South Dakota,46,101,46101,1650
Mississippi,28,135,28135,2747
Mississippi,28,141,28141,4177
Mississippi,28,147,28147,3330
Mississippi,28,153,28153,5056
Mississippi,28,159,28159,4065
New Mexico,35,001,35001,147706
New Mexico,35,041,35041,4502
New Mexico,35,047,35047,5085
New Mexico,35,051,35051,1721
New Mexico,35,057,35057,3302
North Dakota,38,001,38001,523
North Dakota,38,007,38007,200
North Dakota,38,013,38013,530
North Dakota,38,019,38019,771
North Dakota,38,023,38023,497
North Dakota,38,029,38029,641
North Dakota,38,035,38035,14716
North Dakota,38,041,38041,475
North Dakota,38,047,38047,334
North Dakota,38,053,38053,4450
North Dakota,38,059,38059,7065
North Dakota,38,063,38063,507
North Dakota,38,069,38069,905
North Dakota,38,075,38075,583
North Dakota,38,081,38081,758
North Dakota,38,087,38087,175
North Dakota,38,093,38093,4216
North Dakota,38,099,38099,2442
North Dakota,38,103,38103,791
Kansas,20,013,20013,2448
Kansas,20,017,20017,562
Kansas,20,023,20023,556
Kansas,20,029,20029,2132
Kansas,20,035,20035,8292
Kansas,20,039,20039,549
Kansas,20,045,20045,22130
Kansas,20,051,20051,6192
Kansas,20,057,20057,10164
Kansas,20,063,20063,617
Kansas,20,067,20067,2262
Kansas,20,073,20073,1287
Kansas,20,079,20079,8271
Kansas,20,085,20085,3312
Kansas,20,089,20089,550
Kansas,20,095,20095,1601
Kansas,20,101,20101,354
Kansas,20,107,20107,2169
Kansas,20,111,20111,7414
Kansas,20,117,20117,2322
Kansas,20,123,20123,1353
Kansas,20,129,20129,642
Kansas,20,135,20135,622
Kansas,20,139,20139,3688
Kansas,20,185,20185,998
Kansas,20,191,20191,5589
Kansas,20,197,20197,1626
Kansas,20,203,20203,505
Kansas,20,207,20207,602
Kentucky,21,003,21003,4960
Kansas,20,181,20181,1382
Kansas,20,183,20183,703
Kansas,20,187,20187,569
Kansas,20,189,20189,1600
Kansas,20,193,20193,1761
Kansas,20,195,20195,514
Kansas,20,199,20199,398
Kansas,20,201,20201,1198
Kansas,20,205,20205,2028
Kansas,20,209,20209,45960
Kentucky,21,001,21001,3781
Kentucky,21,005,21005,5358
Kentucky,21,007,21007,1658
Kentucky,21,011,21011,3153
Kentucky,21,013,21013,5587
Kentucky,21,017,21017,4492
Kentucky,21,019,21019,10128
Kentucky,21,023,21023,1978
Kentucky,21,027,21027,4642
Kentucky,21,029,21029,17694
Kentucky,21,033,21033,2837
Kentucky,21,035,21035,7030
Kentucky,21,039,21039,1086
Kentucky,21,041,21041,2772
Kentucky,21,045,21045,3639
Kentucky,21,047,21047,19352
Kentucky,21,051,21051,4264
Kentucky,21,053,21053,2203
Kentucky,21,057,21057,1438
Kentucky,21,059,21059,24655
Kentucky,21,063,21063,1341
Kentucky,21,067,21067,67314
Kentucky,21,069,21069,3527
Kentucky,21,073,21073,10631
Kentucky,21,075,21075,1284
Kentucky,21,079,21079,3808
Kentucky,21,081,21081,6791
Kentucky,21,085,21085,6298
Kentucky,21,087,21087,2308
Kentucky,21,091,21091,2136
Kentucky,21,093,21093,26850
Kentucky,21,097,21097,4208
Kentucky,21,101,21101,10417
Kentucky,21,103,21103,3758
Kentucky,21,105,21105,884
Kentucky,21,107,21107,10293
Kentucky,21,109,21109,2997
Kentucky,21,111,21111,170065
Kentucky,21,113,21113,12882
Kentucky,21,115,21115,4943
Kentucky,21,117,21117,39670
Kentucky,21,119,21119,3012
Kentucky,21,121,21121,7304
Kentucky,21,123,21123,3187
Kentucky,21,125,21125,14005
Kentucky,21,127,21127,3763
Kentucky,21,129,21129,1432
Kentucky,21,131,21131,2116
Kentucky,21,133,21133,4744
South Dakota,46,102,46102,5244
South Dakota,46,105,46105,671
South Dakota,46,107,46107,516
South Dakota,46,109,46109,2770
South Dakota,46,115,46115,1540
South Dakota,46,117,46117,618
South Dakota,46,121,46121,4318
South Dakota,46,123,46123,1268
South Dakota,46,127,46127,3810
South Dakota,46,129,46129,1242
South Dakota,46,137,46137,795
Tennessee,47,001,47001,16179
Tennessee,47,005,47005,3201
Tennessee,47,007,47007,2266
Tennessee,47,011,47011,23369
Tennessee,47,013,47013,8167
Tennessee,47,017,47017,5988
Tennessee,47,019,47019,10350
Tennessee,47,023,47023,3804
Tennessee,47,025,47025,5966
Tennessee,47,029,47029,7303
Tennessee,47,031,47031,13411
Tennessee,47,035,47035,10483
Tennessee,47,037,47037,143847
Tennessee,47,041,47041,4379
Tennessee,47,043,47043,12279
Tennessee,47,045,47045,8839
Tennessee,47,047,47047,7742
Tennessee,47,049,47049,3842
Tennessee,47,051,47051,8414
Tennessee,47,053,47053,11891
Tennessee,47,055,47055,6109
Tennessee,47,057,47057,4621
Tennessee,47,059,47059,13399
Tennessee,47,061,47061,2931
Tennessee,47,063,47063,14960
Tennessee,47,065,47065,75901
Tennessee,47,067,47067,1400
Tennessee,47,069,47069,4747
Tennessee,47,071,47071,5195
Tennessee,47,073,47073,11255
Tennessee,47,075,47075,3916
Tennessee,47,077,47077,6359
Tennessee,47,079,47079,6623
Tennessee,47,081,47081,5246
Tennessee,47,083,47083,1781
Tennessee,47,085,47085,4004
Tennessee,47,089,47089,10595
Tennessee,47,091,47091,3006
Tennessee,47,095,47095,1044
Tennessee,47,097,47097,5843
Tennessee,47,101,47101,2594
Tennessee,47,103,47103,7625
Tennessee,47,107,47107,11241
Tennessee,47,109,47109,5596
Tennessee,47,113,47113,21937
Tennessee,47,115,47115,6011
Tennessee,47,119,47119,22010
Kentucky,21,015,21015,34655
Kentucky,21,021,21021,6020
Kentucky,21,025,21025,2634
Kentucky,21,031,21031,2906
Kentucky,21,037,21037,19539
Kentucky,21,043,21043,6221
Kentucky,21,049,21049,8038
Kentucky,21,055,21055,2005
Kentucky,21,061,21061,2292
Kentucky,21,065,21065,2954
Kentucky,21,071,21071,7796
Kentucky,21,077,21077,2131
Kentucky,21,083,21083,8918
Kentucky,21,089,21089,7604
Kentucky,21,095,21095,6022
Kentucky,21,099,21099,4643
Kentucky,21,149,21149,2182
Kentucky,21,153,21153,2851
Kentucky,21,159,21159,2250
Kentucky,21,165,21165,1363
Kentucky,21,171,21171,2394
Kentucky,21,177,21177,6309
Kentucky,21,183,21183,5874
Kentucky,21,189,21189,845
Kentucky,21,193,21193,5997
Kentucky,21,199,21199,14421
Kentucky,21,205,21205,4839
Kentucky,21,211,21211,11000
Kentucky,21,217,21217,5744
Kentucky,21,221,21221,3219
Kentucky,21,227,21227,29788
Kentucky,21,233,21233,3025
Kentucky,21,239,21239,5867
Maine,23,005,23005,54904
Maine,23,011,23011,23550
Maine,23,017,23017,10604
Maine,23,023,23023,6718
Maine,23,027,23027,7370
Minnesota,27,001,27001,2605
Minnesota,27,047,27047,6681
Minnesota,27,053,27053,275588
Minnesota,27,059,27059,9475
Minnesota,27,063,27063,2139
Minnesota,27,069,27069,908
Minnesota,27,075,27075,1858
Minnesota,27,081,27081,1333
Minnesota,27,087,27087,1724
Minnesota,27,093,27093,5620
Minnesota,27,099,27099,10055
Kentucky,21,009,21009,10430
Minnesota,27,105,27105,5971
Minnesota,27,111,27111,12686
Minnesota,27,117,27117,2354
Minnesota,27,123,27123,127318
Minnesota,27,129,27129,3353
Minnesota,27,135,27135,3683
Minnesota,27,141,27141,25340
Minnesota,27,147,27147,9217
Minnesota,27,153,27153,5858
